mm_Lead__c,mm_Contact__c,mm_Stage__c,mm_Start_Date__c,Lead_Contact_Source__c,CreatedDate
"00QV500000AEprJMAT"," ","MQL","2024-10-01","Website","2024-10-01T13:43:44.000+0000"
"00QV500000Aemg7MAB"," ","MQL","2024-10-03","LinkedIn Ad","2024-10-03T13:15:51.000+0000"
"00QV500000AdM2wMAF"," ","MQL","2024-10-03","LinkedIn Ad","2024-10-03T13:14:25.000+0000"
"00QV5000006N7tdMAC"," ","MQL","2024-10-03","Webinar","2024-10-03T22:22:36.000+0000"
" ","003V50000067fytIAA","MQL","2024-10-04","Event","2024-10-04T13:50:16.000+0000"
" ","003V50000067djuIAA","MQL","2024-10-04","Web Site","2024-10-04T14:18:14.000+0000"
"00QV5000006N7mbMAC"," ","MQL","2024-10-04","Webinar","2024-10-04T19:47:46.000+0000"
" ","003V50000067zOKIAY","MQL","2024-10-07","Event","2024-10-07T16:38:44.000+0000"
" ","003V50000067dEXIAY","MQL","2024-10-07","Webinar","2024-10-07T16:39:37.000+0000"
"00QV500000An7llMAB"," ","MQL","2024-10-08","LinkedIn Ad","2024-10-08T19:10:52.000+0000"
"00QV500000Apsa8MAB"," ","MQL","2024-10-21","Website","2024-10-21T22:16:57.000+0000"
"00QV500000BsQgkMAF"," ","MQL","2024-10-31","Partner","2024-10-31T16:36:37.000+0000"
"00QV500000Bt6UhMAJ"," ","MQL","2024-10-31","Partner","2024-10-31T19:52:38.000+0000"
"00QV500000BsgvDMAR"," ","MQL","2024-11-01","6sense SI","2024-11-01T18:08:21.000+0000"
"00QV500000BvuYbMAJ"," ","MQL","2024-11-01","Partner","2024-11-01T18:14:08.000+0000"
"00QV500000BI9eRMAT"," ","MQL","2024-11-04","Google Natural Search","2024-11-04T20:58:30.000+0000"
"00QV500000B4wALMAZ"," ","MQL","2024-11-05","Webinar","2024-11-05T12:57:15.000+0000"
"00QV5000006MtRmMAK"," ","MQL","2024-11-05","webhelp-access-requested","2024-11-05T16:44:23.000+0000"
"00QV500000AdLusMAF"," ","MQL","2024-11-05","Website","2024-11-05T16:47:51.000+0000"
"00QV500000BWtkbMAD"," ","MQL","2024-11-05","Google Ad","2024-11-05T16:41:51.000+0000"
"00QV500000BTm4XMAT"," ","MQL","2024-11-05","Website","2024-11-05T16:45:27.000+0000"
"00QV500000AJDYUMA5"," ","MQL","2024-11-05","Google Natural Search","2024-11-05T16:48:17.000+0000"
"00QV500000C7377MAB"," ","MQL","2024-11-06","Website","2024-11-06T13:41:59.000+0000"
"00QV500000CBCRyMAP"," ","MQL","2024-11-07","Website","2024-11-07T19:35:42.000+0000"
"00QV500000CDcotMAD"," ","MQL","2024-11-08","Google Ad","2024-11-08T15:41:34.000+0000"
" ","003V500000675FHIAY","MQL","2024-11-12","Google Natural Search","2024-11-12T13:25:02.000+0000"
"00QV500000C3RPmMAN"," ","MQL","2024-11-15","Events","2024-11-15T15:14:32.000+0000"
"00QV500000C3X8bMAF"," ","MQL","2024-11-15","Events","2024-11-15T15:15:57.000+0000"
"00QV5000006N7AcMAK"," ","MQL","2024-11-15","Event","2024-11-15T15:16:24.000+0000"
"00QV500000C3c3TMAR"," ","MQL","2024-11-15","Events","2024-11-15T15:13:42.000+0000"
"00QV500000C3kAfMAJ"," ","MQL","2024-11-15","Events","2024-11-15T16:12:18.000+0000"
"00QV500000CcQ94MAF"," ","MQL","2024-11-18","Events","2024-11-18T20:38:03.000+0000"
"00QV500000CcGGBMA3"," ","MQL","2024-11-18","Events","2024-11-18T20:40:29.000+0000"
"00QV500000D6vgsMAB"," ","MQL","2024-12-02","Organic Search","2024-12-02T22:29:51.000+0000"
"00QV500000DVX6gMAH"," ","MQL","2024-12-12","Webinar","2024-12-12T18:21:00.000+0000"
"00QV500000DYTHrMAP"," ","MQL","2024-12-13","Website","2024-12-13T18:39:18.000+0000"
"00QV500000DiOqLMAV"," ","MQL","2024-12-18","Partner","2024-12-18T15:31:06.000+0000"
"00QV500000Dj9vhMAB"," ","MQL","2024-12-18","Google Natural Search","2024-12-18T20:28:30.000+0000"
"00QV500000DilyFMAR"," ","MQL","2024-12-19","Partner","2024-12-19T16:05:10.000+0000"
" ","003V50000067knzIAA","MQL","2024-12-20","Events","2024-12-20T19:47:42.000+0000"
" ","003V50000067OY9IAM","MQL","2024-12-20","Webinar","2024-12-20T19:38:22.000+0000"
" ","003V50000067PzeIAE","MQL","2024-12-20","Web Experience Banner - Webinar 12.7","2024-12-20T19:38:44.000+0000"
" ","003V500000680fcIAA","MQL","2024-12-20","Webinar","2024-12-20T19:59:32.000+0000"
"00QV500000DoTTeMAN"," ","MQL","2024-12-20","Webinar","2024-12-20T20:01:32.000+0000"
"00QV500000DoTZ2MAN"," ","MQL","2024-12-20","Webinar","2024-12-20T20:01:32.000+0000"
"00QV500000DoTZ4MAN"," ","MQL","2024-12-20","Webinar","2024-12-20T20:01:32.000+0000"
"00QV500000DoTTtMAN"," ","MQL","2024-12-20","Webinar","2024-12-20T20:01:32.000+0000"
"00QV500000DoTZ1MAN"," ","MQL","2024-12-20","Webinar","2024-12-20T20:01:32.000+0000"
"00QV500000DoTdEMAV"," ","MQL","2024-12-20","Webinar","2024-12-20T20:01:47.000+0000"
"00QV500000DoTdkMAF"," ","MQL","2024-12-20","Webinar","2024-12-20T20:01:47.000+0000"
"00QV500000DoTdpMAF"," ","MQL","2024-12-20","Webinar","2024-12-20T20:01:47.000+0000"
"00QV500000DoTdsMAF"," ","MQL","2024-12-20","Webinar","2024-12-20T20:01:47.000+0000"
"00QV500000DoTe3MAF"," ","MQL","2024-12-20","Events","2024-12-20T20:01:47.000+0000"
"00QV500000DoTdQMAV"," ","MQL","2024-12-20","Webinar","2024-12-20T20:01:47.000+0000"
"00QV500000DoTddMAF"," ","MQL","2024-12-20","Webinar","2024-12-20T20:01:47.000+0000"
"00QV500000DoTdjMAF"," ","MQL","2024-12-20","Webinar","2024-12-20T20:01:47.000+0000"
"00QV500000E88zdMAB"," ","MQL","2025-01-01","Google Ad","2025-01-02T05:46:17.000+0000"
"00QV500000E88zdMAB"," ","MQL","2025-01-01","Google Ad","2025-01-02T05:46:18.000+0000"
"00QV500000ECYaXMAX"," ","MQL","2025-01-03","Webinar","2025-01-03T23:16:03.000+0000"
"00QV500000EGQI6MAP"," ","MQL","2025-01-06","Google Natural Search","2025-01-06T14:54:34.000+0000"
"00QV500000DoTZgMAN"," ","MQL","2025-01-09","Webinar","2025-01-09T13:11:24.000+0000"
"00QV500000EREy5MAH"," ","MQL","2025-01-10","Website","2025-01-10T16:24:02.000+0000"
" ","003V50000067VW1IAM","MQL","2025-01-13","Marketing Research","2025-01-13T15:56:44.000+0000"
"00QV500000Ep2KfMAJ"," ","MQL","2025-01-21","Website","2025-01-21T12:24:47.000+0000"
"00QV500000EykSwMAJ"," ","MQL","2025-01-24","Website","2025-01-24T18:41:11.000+0000"
"00QV500000F3HABMA3"," ","MQL","2025-01-27","Website","2025-01-27T16:44:32.000+0000"
"00QV500000F76b9MAB"," ","MQL","2025-01-28","Google Natural Search","2025-01-28T19:20:59.000+0000"
"00QV500000F9HiXMAV"," ","MQL","2025-01-29","Website","2025-01-29T13:49:39.000+0000"
"00QV500000FFgPiMAL"," ","MQL","2025-01-31","Google Natural Search","2025-01-31T16:37:31.000+0000"
"00QV500000FPAZpMAP"," ","MQL","2025-02-04","Website","2025-02-04T15:26:38.000+0000"
" ","003V50000067uH1IAI","MQL","2024-06-06","Website","2025-02-05T07:48:03.000+0000"
" ","003V50000067eQHIAY","MQL","2025-06-13","Partner","2025-02-05T08:07:52.000+0000"
"00QV5000006N7tiMAC"," ","MQL","2024-06-25","Google Natural Search","2025-02-05T08:18:27.000+0000"
"00QV500000BWD75MAH"," ","MQL","2024-02-28","WebHelp Registration","2025-02-05T08:59:07.000+0000"
" ","003V500000684VZIAY","MQL","2024-03-07","Zoominfo","2025-02-05T08:46:56.000+0000"
"00QV500000FdUqTMAV"," ","MQL","2025-02-10","Google Natural Search","2025-02-10T18:27:07.000+0000"
"00QV500000Fu9G5MAJ"," ","MQL","2025-02-17","Website","2025-02-17T17:11:30.000+0000"
"00QV500000FdUqTMAV"," ","MQL","2025-02-18","Google Natural Search","2025-02-18T15:52:56.000+0000"
"00QV500000Fx2A1MAJ"," ","MQL","2025-02-18","Google Natural Search","2025-02-18T22:41:18.000+0000"
" ","003V500000671jPIAQ","MQL","2025-02-19","Website","2025-02-19T18:08:55.000+0000"
"00QV5000006N5SiMAK"," ","MQL","2025-02-19","Bing Natural Search","2025-02-19T21:24:10.000+0000"
"00QV500000GBZUHMA5"," ","MQL","2025-02-24","6sense SI","2025-02-24T20:51:35.000+0000"
"00QV500000GJtZ3MAL"," ","MQL","2025-02-27","Website","2025-02-27T17:13:36.000+0000"
"00QV500000GKGLxMAP"," ","MQL","2025-02-27","Events","2025-02-27T19:14:24.000+0000"
"00QV500000GNJwvMAH"," ","MQL","2025-02-28"," ","2025-02-28T21:09:12.000+0000"
"00QV500000GQa6oMAD"," ","MQL","2025-03-03","Google Ad","2025-03-03T08:17:46.000+0000"
" ","003V50000067ymcIAA","MQL","2025-03-03","Linkedin Sales Navigator","2025-03-03T16:54:08.000+0000"
"00QV500000GW9qAMAT"," ","MQL","2025-03-04","Webinar","2025-03-04T21:06:47.000+0000"
"00QV500000GWD8AMAX"," ","MQL","2025-03-04","Webinar","2025-03-04T21:22:45.000+0000"
"00QV500000GWD8SMAX"," ","MQL","2025-03-04","Webinar","2025-03-04T21:22:45.000+0000"
"00QV500000GWD8iMAH"," ","MQL","2025-03-04","Webinar","2025-03-04T21:22:45.000+0000"
"00QV500000GWD8kMAH"," ","MQL","2025-03-04","Webinar","2025-03-04T21:22:45.000+0000"
"00QV500000GWD8MMAX"," ","MQL","2025-03-04","Webinar","2025-03-04T21:22:45.000+0000"
"00QV500000GWD8TMAX"," ","MQL","2025-03-04","Webinar","2025-03-04T21:22:45.000+0000"
"00QV500000GWD8UMAX"," ","MQL","2025-03-04","Webinar","2025-03-04T21:22:45.000+0000"
"00QV500000GWD8VMAX"," ","MQL","2025-03-04","Webinar","2025-03-04T21:22:45.000+0000"
"00QV500000GWD8WMAX"," ","MQL","2025-03-04","Webinar","2025-03-04T21:22:45.000+0000"
"00QV500000GWDYPMA5"," ","MQL","2025-03-04","Webinar","2025-03-04T21:22:50.000+0000"
"00QV500000GWDYjMAP"," ","MQL","2025-03-04","Webinar","2025-03-04T21:22:50.000+0000"
"00QV500000GWDYsMAP"," ","MQL","2025-03-04","Webinar","2025-03-04T21:22:50.000+0000"
"00QV500000GYeprMAD"," ","MQL","2025-03-05","Google Natural Search","2025-03-05T22:12:29.000+0000"
"00QV500000GabW9MAJ"," ","MQL","2025-03-06","Webinar","2025-03-06T14:36:27.000+0000"
"00QV5000006N7tPMAS"," ","MQL","2025-03-06","Website","2025-03-06T14:28:34.000+0000"
"00QV5000006N86qMAC"," ","MQL","2025-03-06","Webinar","2025-03-06T14:28:34.000+0000"
"00QV5000008I4MCMA0"," ","MQL","2025-03-06","Webinar","2025-03-06T14:28:34.000+0000"
"00QV500000DoTdIMAV"," ","MQL","2025-03-06","Webinar","2025-03-06T14:28:34.000+0000"
" ","003V50000067NEwIAM","MQL","2025-03-06"," ","2025-03-06T14:28:41.000+0000"
"00QV5000006N7FsMAK"," ","MQL","2025-03-06","Webinar","2025-03-06T14:38:41.000+0000"
"00QV500000GePcqMAF"," ","MQL","2025-03-07","Events","2025-03-07T20:13:53.000+0000"
"00QV500000GduPJMAZ"," ","MQL","2025-03-07","Website","2025-03-07T22:35:23.000+0000"
"00QV500000GeiIsMAJ"," ","MQL","2025-03-07","Website","2025-03-07T22:23:57.000+0000"
"00QV500000EE0U1MAL"," ","MQL","2025-03-10","Website","2025-03-10T16:56:21.000+0000"
"00QV500000GjL78MAF"," ","MQL","2025-03-10","Partner","2025-03-10T17:51:39.000+0000"
"00QV500000GlxY5MAJ"," ","MQL","2025-03-11","Events","2025-03-11T13:49:39.000+0000"
"00QV500000Gt4zUMAR"," ","MQL","2025-03-13","Google Natural Search","2025-03-14T01:09:10.000+0000"
"00QV500000GtzzJMAR"," ","MQL","2025-03-13","Website","2025-03-14T04:24:57.000+0000"
" "," ","MQL","2025-03-14"," ","2025-03-14T17:57:20.000+0000"
"00QV500000H3JacMAF"," ","MQL","2025-03-18","Website","2025-03-18T15:39:26.000+0000"
"00QV500000H3fjCMAR"," ","MQL","2025-03-18","Website","2025-03-18T18:36:59.000+0000"
"00QV500000H6gnZMAR"," ","MQL","2025-03-19","Google Ad","2025-03-19T16:33:26.000+0000"
"00QV500000H8zcPMAR"," ","MQL","2025-03-20","Events","2025-03-20T13:49:02.000+0000"
"00QV500000H8zcSMAR"," ","MQL","2025-03-20","Events","2025-03-20T13:49:02.000+0000"
"00QV500000H8zcUMAR"," ","MQL","2025-03-20","Events","2025-03-20T13:49:02.000+0000"
"00QV500000H8zcYMAR"," ","MQL","2025-03-20","Events","2025-03-20T13:49:02.000+0000"
"00QV500000H8zcaMAB"," ","MQL","2025-03-20","Events","2025-03-20T13:49:02.000+0000"
" ","003V50000067S4vIAE","MQL","2025-03-20","Events","2025-03-20T13:49:05.000+0000"
"00QV500000EosjWMAR"," ","MQL","2025-03-20","Events","2025-03-20T13:49:03.000+0000"
"00QV500000AtMWpMAN"," ","MQL","2025-03-20","Events","2025-03-20T13:40:22.000+0000"
"00QV500000H7lrdMAB"," ","MQL","2025-03-20","Website","2025-03-20T16:25:34.000+0000"
"00QV500000H0G7qMAF"," ","MQL","2025-03-20","Events","2025-03-20T17:44:21.000+0000"
"00QV500000H0H8kMAF"," ","MQL","2025-03-20","Events","2025-03-20T17:44:21.000+0000"
"00QV500000H0NqrMAF"," ","MQL","2025-03-20","Events","2025-03-20T17:44:21.000+0000"
"00QV500000H0OJtMAN"," ","MQL","2025-03-20","Events","2025-03-20T17:44:21.000+0000"
"00QV500000H9c9HMAR"," ","MQL","2025-03-20","Events","2025-03-20T17:44:20.000+0000"
"00QV500000H9c9NMAR"," ","MQL","2025-03-20","Events","2025-03-20T17:44:20.000+0000"
"00QV500000H9c9OMAR"," ","MQL","2025-03-20","Events","2025-03-20T17:44:20.000+0000"
"00QV500000H9c9hMAB"," ","MQL","2025-03-20","Events","2025-03-20T17:44:20.000+0000"
"00QV500000H9c9iMAB"," ","MQL","2025-03-20","Events","2025-03-20T17:44:20.000+0000"
" ","003V50000067PCLIA2","MQL","2025-03-20","Events","2025-03-20T17:44:18.000+0000"
" ","003V50000067Xq3IAE","MQL","2025-03-20","Events","2025-03-20T17:44:18.000+0000"
" ","003V50000067eRbIAI","MQL","2025-03-20","Events","2025-03-20T17:44:18.000+0000"
" ","003V50000067g2JIAQ","MQL","2025-03-20","Events","2025-03-20T17:44:18.000+0000"
"00QV500000HK4P3MAL"," ","MQL","2025-03-25","Events","2025-03-25T17:26:09.000+0000"
"00QV500000HKKGvMAP"," ","MQL","2025-03-25","Website","2025-03-25T18:37:47.000+0000"
"00QV500000HKyCmMAL"," ","MQL","2025-03-25","Website","2025-03-25T22:48:37.000+0000"
"00QV500000HKyCnMAL"," ","MQL","2025-03-25","Website","2025-03-25T22:48:37.000+0000"
"00QV500000HKz5aMAD"," ","MQL","2025-03-25","Website","2025-03-25T22:48:48.000+0000"
"00QV500000HNtLNMA1"," ","MQL","2025-03-26"," ","2025-03-26T19:54:39.000+0000"
"00QV500000HSNJFMA5"," ","MQL","2025-03-28","Google Ad","2025-03-28T12:22:06.000+0000"
"00QV500000HSKOdMAP"," ","MQL","2025-03-28"," ","2025-03-28T12:15:53.000+0000"
"00QV500000HSEsiMAH"," ","MQL","2025-03-28"," ","2025-03-28T12:15:56.000+0000"
"00QV500000GdnR3MAJ"," ","MQL","2025-03-28","Events","2025-03-28T17:23:54.000+0000"
"00QV500000HU9gpMAD"," ","MQL","2025-03-28"," ","2025-03-29T04:03:58.000+0000"
"00QV500000HUkMzMAL"," ","MQL","2025-03-29","Google Ad","2025-03-29T11:36:54.000+0000"
"00QV500000HUkLNMA1"," ","MQL","2025-03-29","Google Ad","2025-03-29T11:36:53.000+0000"
"00QV500000HVWQ2MAP"," ","MQL","2025-03-29","Google Ad","2025-03-30T04:38:45.000+0000"
"00QV500000HVgcHMAT"," ","MQL","2025-03-30","Google Ad","2025-03-30T07:00:33.000+0000"
"00QV500000HVjgbMAD"," ","MQL","2025-03-30","Google Ad","2025-03-30T08:09:08.000+0000"
"00QV500000HVvTGMA1"," ","MQL","2025-03-30","Google Ad","2025-03-30T13:07:16.000+0000"
"00QV500000HW0PhMAL"," ","MQL","2025-03-30","Google Ad","2025-03-30T14:17:57.000+0000"
"00QV500000HWbPIMA1"," ","MQL","2025-03-30","Google Natural Search","2025-03-31T04:11:12.000+0000"
"00QV500000HWrkBMAT"," ","MQL","2025-03-30","Google Natural Search","2025-03-31T05:32:15.000+0000"
"00QV500000HWsEoMAL"," ","MQL","2025-03-30"," ","2025-03-31T04:47:03.000+0000"
"00QV500000HX2XVMA1"," ","MQL","2025-03-30"," ","2025-03-31T06:36:45.000+0000"
"00QV500000HX3jhMAD"," ","MQL","2025-03-30","Website","2025-03-31T06:52:07.000+0000"
"00QV500000HX97iMAD"," ","MQL","2025-03-31"," ","2025-03-31T09:17:09.000+0000"
"00QV500000HXHgQMAX"," ","MQL","2025-03-31"," ","2025-03-31T09:43:58.000+0000"
"00QV500000HXgxxMAD"," ","MQL","2025-03-31","Website","2025-03-31T13:18:35.000+0000"
" "," ","MQL","2025-03-31"," ","2025-03-31T15:53:05.000+0000"
"00QV500000HZiyrMAD"," ","MQL","2025-03-31","Google Ad","2025-04-01T04:19:56.000+0000"
"00QV500000HZjYLMA1"," ","MQL","2025-03-31","Google Ad","2025-04-01T04:30:22.000+0000"
"00QV500000HZldNMAT"," ","MQL","2025-03-31"," ","2025-04-01T05:01:24.000+0000"
"00QV500000HZrxJMAT"," ","MQL","2025-03-31"," ","2025-04-01T06:16:37.000+0000"
"00QV500000Ha8oVMAR"," ","MQL","2025-04-01"," ","2025-04-01T10:00:08.000+0000"
"00QV500000HaFUzMAN"," ","MQL","2025-04-01"," ","2025-04-01T10:35:21.000+0000"
" "," ","MQL","2025-04-01"," ","2025-04-02T01:39:54.000+0000"
"00QV500000Hca8lMAB"," ","MQL","2025-04-01"," ","2025-04-02T05:07:12.000+0000"
"00QV500000Hcdo9MAB"," ","MQL","2025-04-01","Google Ad","2025-04-02T05:27:52.000+0000"
"00QV500000HcYF1MAN"," ","MQL","2025-04-01","Google Ad","2025-04-02T06:38:01.000+0000"
"00QV500000HcciPMAR"," ","MQL","2025-04-01","Google Ad","2025-04-02T05:06:07.000+0000"
"00QV500000HcVdjMAF"," ","MQL","2025-04-01"," ","2025-04-02T05:36:07.000+0000"
"00QV500000HchmvMAB"," ","MQL","2025-04-01","Google Ad","2025-04-02T06:18:24.000+0000"
"00QV500000HchlJMAR"," ","MQL","2025-04-01"," ","2025-04-02T06:18:20.000+0000"
"00QV500000HcjiHMAR"," ","MQL","2025-04-01","Google Ad","2025-04-02T06:37:58.000+0000"
"00QV500000Hcj5aMAB"," ","MQL","2025-04-01","Google Natural Search","2025-04-02T06:43:12.000+0000"
"00QV500000Hd29pMAB"," ","MQL","2025-04-02"," ","2025-04-02T09:21:38.000+0000"
"00QV500000Hd32iMAB"," ","MQL","2025-04-02"," ","2025-04-02T10:44:05.000+0000"
"00QV500000HdFDWMA3"," ","MQL","2025-04-02","Website","2025-04-02T11:49:20.000+0000"
"00QV500000HfFZCMA3"," ","MQL","2025-04-02","Google Natural Search","2025-04-03T03:55:41.000+0000"
"00QV500000HfL3XMAV"," ","MQL","2025-04-02"," ","2025-04-03T03:50:15.000+0000"
"00QV500000HfWoXMAV"," ","MQL","2025-04-02"," ","2025-04-03T05:48:26.000+0000"
"00QV500000HfX4fMAF"," ","MQL","2025-04-02","Google Ad","2025-04-03T05:52:36.000+0000"
"00QV500000HfXXhMAN"," ","MQL","2025-04-02","Google Natural Search","2025-04-03T05:59:56.000+0000"
"00QV500000Hi2QxMAJ"," ","MQL","2025-04-03","Google Natural Search","2025-04-04T03:17:27.000+0000"
"00QV500000HgdMXMAZ"," ","MQL","2025-04-04","Website","2025-04-04T22:16:59.000+0000"
"00QV5000006N7JAMA0"," ","MQL","2025-04-06","Website","2025-04-06T18:38:49.000+0000"
"00QV500000HpCLVMA3"," ","MQL","2025-04-07","Website","2025-04-07T15:02:53.000+0000"
"00QV5000006N869MAC"," ","MQL","2025-04-07","Webinar","2025-04-07T19:51:04.000+0000"
"00QV500000HvLlwMAF"," ","MQL","2025-04-09"," ","2025-04-09T10:59:14.000+0000"
"00QV5000006N7jvMAC"," ","MQL","2025-04-09","Web Site","2025-04-09T13:21:49.000+0000"
"00QV500000HxqanMAB"," ","MQL","2025-04-09","Google Ad","2025-04-10T04:15:38.000+0000"
" ","003V500000KLqePIAT","MQL","2025-03-05","LinkedIn Ad","2025-04-10T15:03:22.000+0000"
"00QV500000Hzs05MAB"," ","MQL","2025-04-10","Website","2025-04-10T18:12:27.000+0000"
"00QV500000HzsHpMAJ"," ","MQL","2025-04-10","Website","2025-04-10T18:14:34.000+0000"
"00QV500000HzqkgMAB"," ","MQL","2025-04-10","Website","2025-04-10T18:34:02.000+0000"
"00QV500000GYeprMAD"," ","MQL","2025-04-10","Google Natural Search","2025-04-11T03:59:07.000+0000"
"00QV500000I1cNXMAZ"," ","MQL","2025-04-11","Events","2025-04-11T13:02:13.000+0000"
"00QV5000006N7sfMAC"," ","MQL","2025-04-11","Website","2025-04-11T15:09:55.000+0000"
"00QV500000I28ARMAZ"," ","MQL","2025-04-11","Events","2025-04-11T16:48:38.000+0000"
"00QV5000006N7G5MAK"," ","MQL","2025-04-11","Webinar","2025-04-11T17:51:58.000+0000"
"00QV500000GszuvMAB"," ","MQL","2025-04-12","Website","2025-04-12T07:17:32.000+0000"
"00QV500000I4K7bMAF"," ","MQL","2025-04-15","Social Media - Organic","2025-04-15T12:35:39.000+0000"
"00QV500000I4K7bMAF"," ","MQL","2025-04-15","Social Media - Organic","2025-04-15T15:24:29.000+0000"
"00QV500000IA2sbMAD"," ","MQL","2025-04-15","Google Natural Search","2025-04-15T16:46:12.000+0000"
"00QV500000IC2tKMAT"," ","MQL","2025-04-16","Website","2025-04-16T11:58:27.000+0000"
"00QV5000006N7GhMAK"," ","MQL","2025-04-16","Website","2025-04-16T13:30:22.000+0000"
"00QV5000006N7tPMAS"," ","MQL","2025-04-16","Website","2025-04-16T13:30:22.000+0000"
"00QV500000ICLpYMAX"," ","MQL","2025-04-16","Bing Natural Search","2025-04-16T15:09:26.000+0000"
"00QV500000IEakPMAT"," ","MQL","2025-04-17","Website","2025-04-17T10:54:41.000+0000"
"00QV500000IElkgMAD"," ","MQL","2025-04-17","Events","2025-04-17T13:08:39.000+0000"
"00QV5000008I4LYMA0"," ","MQL","2025-04-17","Events","2025-04-17T14:10:57.000+0000"
"00QV500000IGGUfMAP"," ","MQL","2025-04-17","Events","2025-04-17T22:56:21.000+0000"
" "," ","MQL","2025-04-19"," ","2025-04-19T16:39:04.000+0000"
"00QV500000ILGkCMAX"," ","MQL","2025-04-21","Partner","2025-04-21T15:58:43.000+0000"
"00QV500000IMR2XMAX"," ","MQL","2025-04-21","Website","2025-04-21T23:32:06.000+0000"
" "," ","MQL","2025-04-23"," ","2025-04-23T18:49:50.000+0000"
"00QV500000IULplMAH"," ","MQL","2025-04-24","Partner","2025-04-24T14:33:35.000+0000"
"00QV500000IjPetMAF"," ","MQL","2025-04-29","Google Ad","2025-04-30T00:58:46.000+0000"
"00QV500000Ik7p3MAB"," ","MQL","2025-04-30","Google Ad","2025-04-30T08:39:12.000+0000"
"00QV500000IrzfhMAB"," ","MQL","2025-05-03","Google Ad","2025-05-03T12:48:02.000+0000"
"00QV500000Is4U8MAJ"," ","MQL","2025-05-03","Google Ad","2025-05-03T14:32:32.000+0000"
"00QV500000ItGg8MAF"," ","MQL","2025-05-04","Google Ad","2025-05-04T16:01:49.000+0000"
"00QV500000Iu1FDMAZ"," ","MQL","2025-05-04","Google Ad","2025-05-05T05:38:34.000+0000"
"00QV500000IuImHMAV"," ","MQL","2025-05-05","Google Ad","2025-05-05T08:42:03.000+0000"
"00QV500000IyqHVMAZ"," ","MQL","2025-05-06","Website","2025-05-06T17:20:17.000+0000"
"00QV5000009uUIXMA2"," ","MQL","2025-05-06","Webinar","2025-05-06T19:57:45.000+0000"
"00QV500000GWDYVMA5"," ","MQL","2025-05-06","Webinar","2025-05-06T19:57:06.000+0000"
"00QV500000J039RMAR"," ","MQL","2025-05-06","Google Ad","2025-05-07T02:45:39.000+0000"
"00QV500000J3mBdMAJ"," ","MQL","2025-05-08","Google Ad","2025-05-08T10:03:33.000+0000"
" ","003V500000MBSHVIA5","MQL","2025-05-08","Social Media - Organic","2025-05-08T14:04:37.000+0000"
"00QV500000IkTxYMAV"," ","MQL","2025-05-09","Events","2025-05-09T13:05:14.000+0000"
"00QV500000GszuvMAB"," ","MQL","2025-05-12","Website","2025-05-12T07:16:35.000+0000"
"00QV500000JCZspMAH"," ","MQL","2025-05-12","Website","2025-05-12T16:11:37.000+0000"
"00QV500000DoTdXMAV"," ","MQL","2025-05-13","Webinar","2025-05-13T15:50:20.000+0000"
"00QV500000JJMwNMAX"," ","MQL","2025-05-14","Website","2025-05-14T16:38:08.000+0000"
"00QV500000HWsEoMAL"," ","MQL","2025-05-15"," ","2025-05-15T21:18:57.000+0000"
"00QV500000JOUn1MAH"," ","MQL","2025-05-15","Google Ad","2025-05-16T04:21:42.000+0000"
"00QV500000DoTdkMAF"," ","MQL","2025-05-16","Webinar","2025-05-16T17:20:00.000+0000"
"00QV500000GWD8MMAX"," ","MQL","2025-05-16","Webinar","2025-05-16T17:20:00.000+0000"
"00QV500000JQGP9MAP"," ","MQL","2025-05-16","Webinar","2025-05-16T17:19:58.000+0000"
" ","003V50000067BX8IAM","MQL","2025-05-16","Webinar","2025-05-16T17:19:52.000+0000"
" ","003V50000067NY2IAM","MQL","2025-05-16","Webinar","2025-05-16T17:19:52.000+0000"
" ","003V50000067eTXIAY","MQL","2025-05-16","Webinar","2025-05-16T17:19:52.000+0000"
" ","003V500000NtZRkIAN","MQL","2025-05-16","memoryBlue","2025-05-16T17:19:52.000+0000"
"00QV500000JQIb3MAH"," ","MQL","2025-05-16","Events","2025-05-16T17:29:48.000+0000"
"00QV500000JRgMnMAL"," ","MQL","2025-05-17","Google Ad","2025-05-17T10:57:31.000+0000"
"00QV5000009TLK1MAO"," ","MQL","2025-05-19","Events","2025-05-19T18:07:43.000+0000"
"00QV500000DMTv8MAH"," ","MQL","2025-05-19","Events","2025-05-19T18:07:43.000+0000"
"00QV500000DMa2DMAT"," ","MQL","2025-05-19","Events","2025-05-19T18:07:43.000+0000"
"00QV500000Ig2KnMAJ"," ","MQL","2025-05-19","Events","2025-05-19T18:07:43.000+0000"
"00QV500000IkRpJMAV"," ","MQL","2025-05-19","Events","2025-05-19T18:07:43.000+0000"
" ","003V50000067bAvIAI","MQL","2025-05-19","Events","2025-05-19T18:07:39.000+0000"
" ","003V50000067coLIAQ","MQL","2025-05-19","Events","2025-05-19T18:07:39.000+0000"
" ","003V50000067ldMIAQ","MQL","2025-05-19","Events","2025-05-19T18:07:39.000+0000"
" ","003V500000681ldIAA","MQL","2025-05-19","memoryBlue","2025-05-19T18:07:39.000+0000"
"00QV500000FH91SMAT"," ","MQL","2025-05-19","Events","2025-05-19T18:23:55.000+0000"
"00QV500000JVitbMAD"," ","MQL","2025-05-19","Events","2025-05-19T18:07:42.000+0000"
"00QV500000JVitcMAD"," ","MQL","2025-05-19","Events","2025-05-19T18:07:42.000+0000"
"00QV500000JVitdMAD"," ","MQL","2025-05-19","Events","2025-05-19T18:07:42.000+0000"
"00QV500000JViteMAD"," ","MQL","2025-05-19","Events","2025-05-19T18:07:42.000+0000"
"00QV500000JVitiMAD"," ","MQL","2025-05-19","Events","2025-05-19T18:07:42.000+0000"
"00QV500000JVitlMAD"," ","MQL","2025-05-19","Events","2025-05-19T18:07:42.000+0000"
"00QV500000JVitoMAD"," ","MQL","2025-05-19","Events","2025-05-19T18:07:42.000+0000"
"00QV500000JVittMAD"," ","MQL","2025-05-19","Events","2025-05-19T18:07:42.000+0000"
"00QV500000JVituMAD"," ","MQL","2025-05-19","Events","2025-05-19T18:07:42.000+0000"
"00QV500000JVitwMAD"," ","MQL","2025-05-19","Events","2025-05-19T18:07:42.000+0000"
" ","003V500000L3ryBIAR","MQL","2025-05-19","Bing Natural Search","2025-05-20T00:38:08.000+0000"
" ","003V50000067TvyIAE","MQL","2025-05-22","Events","2025-05-22T11:27:04.000+0000"
" ","003V500000GlhgDIAR","MQL","2025-05-22","Google Ad","2025-05-22T17:06:24.000+0000"
" ","003V500000BGSOdIAP","MQL","2025-05-22","Sales","2025-05-22T17:05:34.000+0000"
"00QV5000006N72tMAC"," ","MQL","2025-05-22","Webinar","2025-05-22T19:30:57.000+0000"
"00QV500000JgBKNMA3"," ","MQL","2025-05-22","LinkedIn Ad","2025-05-22T21:32:40.000+0000"
" ","003V50000067JQgIAM","MQL","2025-05-27","Events","2025-05-27T07:19:55.000+0000"
"00QV500000ECYaXMAX"," ","MQL","2025-05-27","Webinar","2025-05-27T16:52:03.000+0000"
"00QV500000I4K7bMAF"," ","MQL","2025-05-28","Social Media - Organic","2025-05-28T14:26:27.000+0000"
"00QV500000JxXbKMAV"," ","MQL","2025-05-30","Website","2025-05-30T06:34:10.000+0000"
" ","003V50000067TvuIAE","MQL","2025-05-30","Events","2025-05-30T07:15:49.000+0000"
"00QV500000JyrmbMAB"," ","MQL","2024-01-02","Website","2025-05-30T07:12:54.000+0000"
" ","003V500000I7JtCIAV","MQL","2025-05-30","Website","2025-05-30T10:08:18.000+0000"
"00QV500000KTNNVMA5"," ","MQL","2025-06-11","memoryBlue","2025-06-11T19:56:33.000+0000"
" ","003V50000067zPuIAI","MQL","2025-06-13","Marketing Research","2025-06-13T20:37:52.000+0000"
"00QV500000KASKUMA5"," ","MQL","2025-06-16","Bing Natural Search","2025-06-16T20:06:06.000+0000"
" ","003V500000Pg2QRIAZ","MQL","2025-06-17","Google Natural Search","2025-06-17T13:44:40.000+0000"
"00QV500000KRlyeMAD"," ","MQL","2025-06-17","Events","2025-06-17T14:21:18.000+0000"
"00QV500000KRxmrMAD"," ","MQL","2025-06-17","Events","2025-06-17T14:19:18.000+0000"
" ","003V500000NpmF5IAJ","MQL","2025-06-19","Google Natural Search","2025-06-19T17:58:12.000+0000"
" ","003V50000067k9IIAQ","MQL","2025-06-20","Events","2025-06-20T15:43:01.000+0000"
"00QV500000KIkNRMA1"," ","MQL","2025-06-23","Website","2025-06-23T17:54:07.000+0000"
"00QV500000L2VDMMA3"," ","MQL","2025-06-23","Partner","2025-06-23T19:50:35.000+0000"
"00QV500000KqTiOMAV"," ","SAL","2025-06-25","Partner","2025-06-25T14:45:32.000+0000"
" ","003V500000Q7vkEIAR","SAL","2025-06-25","Sales","2025-06-25T20:20:36.000+0000"
"00QV500000LBLDAMA5"," ","SAL","2025-06-25","Sales","2025-06-25T20:18:36.000+0000"
"00QV500000LBLDAMA5"," ","MQL","2025-06-25","Sales","2025-06-25T20:18:24.000+0000"
" ","003V500000Q86XVIAZ","MQL","2025-06-25","Sales","2025-06-25T20:24:59.000+0000"
"00QV500000LB6CVMA1"," ","MQL","2025-06-25","Sales","2025-06-25T20:24:39.000+0000"
" ","003V50000067BrrIAE","MQL","2025-06-27","Marketing Research","2025-06-27T15:13:23.000+0000"
" ","003V50000067a3aIAA","MQL","2025-06-27","Marketing Research","2025-06-27T15:13:23.000+0000"
" ","003V50000067qA5IAI","MQL","2025-06-27","Events","2025-06-27T15:13:23.000+0000"
" ","003V500000Q2kpOIAR","MQL","2025-06-27","Events","2025-06-27T15:13:23.000+0000"
"00QV500000LHbbpMAD"," ","MQL","2025-06-27","Events","2025-06-27T18:53:56.000+0000"
"00QV500000LHqNwMAL"," ","MQL","2025-06-27","Events","2025-06-27T19:09:37.000+0000"
"00QV500000LH6mUMAT"," ","MQL","2025-06-30","Google Natural Search","2025-06-30T19:43:27.000+0000"
"00QV5000006N7AhMAK"," ","MQL","2025-07-01","Webinar","2025-07-01T20:55:08.000+0000"
" ","003V50000067e3fIAA","MQL","2025-07-01","Webinar","2025-07-01T20:55:11.000+0000"
" ","003V50000067xBgIAI","MQL","2025-07-01","Website","2025-07-01T20:55:11.000+0000"
" ","003V500000682AvIAI","MQL","2025-07-01","Webinar","2025-07-01T20:55:11.000+0000"
" ","003V500000LrL8qIAF","MQL","2025-07-01","Webinar","2025-07-01T20:55:11.000+0000"
"00QV500000LTyXsMAL"," ","MQL","2025-07-02","Webinar","2025-07-02T15:22:06.000+0000"
"00QV500000LUIQKMA5"," ","MQL","2025-07-02","Webinar","2025-07-02T15:48:15.000+0000"
"00QV500000LUIQMMA5"," ","MQL","2025-07-02","Webinar","2025-07-02T15:48:15.000+0000"
"00QV500000L2VDMMA3"," ","SAL","2025-07-03","Partner","2025-07-03T21:24:09.000+0000"
"00QV500000Acb5dMAB"," ","MQL","2025-07-07","Email","2025-07-07T19:42:33.000+0000"
"00QV500000EplbAMAR"," ","MQL","2025-07-07","Website","2025-07-07T19:27:31.000+0000"
"00QV500000Acb5dMAB"," ","MQL","2025-07-07","Email","2025-07-07T19:52:46.000+0000"
" ","003V500000OIkBhIAL","MQL","2025-07-07","Webinar","2025-07-07T19:56:39.000+0000"
" ","003V500000OIkBhIAL","MQL","2025-07-08","Webinar","2025-07-08T13:56:51.000+0000"
"00QV500000L10I1MAJ"," ","MQL","2025-07-08","Website","2025-07-08T16:19:42.000+0000"
"00QV500000LjhazMAB"," ","MQL","2025-07-08","Google Natural Search","2025-07-08T18:22:55.000+0000"
" ","003V50000067u2CIAQ","MQL","2025-07-08","Website","2025-07-08T21:04:02.000+0000"
" ","003V5000007ZY68IAG","MQL","2025-07-09","Google Natural Search","2025-07-09T15:49:42.000+0000"
"00QV500000JwxXuMAJ"," ","MQL","2025-07-09","Social Media - Organic","2025-07-09T15:57:12.000+0000"
" ","003V50000067xBgIAI","MQL","2025-07-10","Website","2025-07-10T07:26:24.000+0000"
"00QV500000LjhazMAB"," ","SAL","2025-07-10","Google Natural Search","2025-07-10T12:20:56.000+0000"
" ","003V500000683VBIAY","MQL","2025-07-10","Website","2025-07-10T17:58:46.000+0000"
"00QV500000Lqq9kMAB"," ","MQL","2025-07-10","Sales","2025-07-10T18:33:45.000+0000"
"00QV500000Lqq9kMAB"," ","SAL","2025-07-10","Sales","2025-07-10T18:33:58.000+0000"
" "," ","MQL","2025-07-15"," ","2025-07-15T18:25:09.000+0000"
" "," ","SAL","2025-07-15"," ","2025-07-15T18:25:19.000+0000"
"00QV500000M3TLlMAN"," ","SAL","2025-07-15","Display","2025-07-15T19:03:42.000+0000"
"00QV500000Acb5dMAB"," ","SAL","2025-07-15","Email","2025-07-15T18:21:42.000+0000"
"00QV500000M3T7FMAV"," ","SAL","2025-07-15","Website","2025-07-15T19:42:55.000+0000"
"00QV500000JwxXuMAJ"," ","SAL","2025-07-15","Social Media - Organic","2025-07-15T19:12:54.000+0000"
" ","003V500000NtZRkIAN","SAL","2025-07-15","memoryBlue","2025-07-15T19:10:51.000+0000"
"00QV500000M3TLlMAN"," ","MQL","2025-07-15","Display","2025-07-15T19:02:58.000+0000"
"00QV500000DBUxlMAH"," ","SAL","2025-07-15","6sense SI","2025-07-15T19:09:46.000+0000"
"00QV500000M3T7FMAV"," ","MQL","2025-07-15","Website","2025-07-15T19:42:46.000+0000"
"00QV500000DoTdXMAV"," ","SAL","2025-07-16","Webinar","2025-07-16T13:27:02.000+0000"
"00QV500000KIkNRMA1"," ","SAL","2025-07-16","Website","2025-07-16T12:55:22.000+0000"
" "," ","MQL","2025-07-17"," ","2025-07-17T17:30:17.000+0000"
"00QV500000MABDmMAP"," ","MQL","2025-07-17","Website","2025-07-17T17:17:25.000+0000"
" "," ","MQL","2025-07-17"," ","2025-07-17T17:29:44.000+0000"
"00QV500000MCkFhMAL"," ","MQL","2025-07-18","Website","2025-07-18T13:45:09.000+0000"
"00QV500000MIHnKMAX"," ","MQL","2025-07-21","Website","2025-07-21T13:22:02.000+0000"
"00QV500000MIKbiMAH"," ","MQL","2025-07-21","Google Natural Search","2025-07-21T14:13:42.000+0000"
"00QV500000MIHnKMAX"," ","SAL","2025-07-21","Website","2025-07-21T19:07:50.000+0000"
"00QV5000006N7FuMAK"," ","MQL","2025-07-21","Social Media - Organic","2025-07-21T20:49:28.000+0000"
"00QV500000Lk1LBMAZ"," ","MQL","2025-07-22","WebHelp Registration","2025-07-22T18:17:14.000+0000"
"00QV500000MNOhhMAH"," ","MQL","2025-07-22","Google Natural Search","2025-07-23T03:37:24.000+0000"
"00QV500000Lk1LBMAZ"," ","SAL","2025-07-23","WebHelp Registration","2025-07-23T12:26:00.000+0000"
"00QV5000006N869MAC"," ","MQL","2025-07-23","Webinar","2025-07-23T17:09:27.000+0000"
" ","003V50000067bvgIAA","SAL","2025-07-23","Events","2025-07-23T19:46:16.000+0000"
"00QV500000MRzdrMAD"," ","MQL","2025-07-24","Website","2025-07-24T15:48:16.000+0000"
"00QV500000MUhxJMAT"," ","MQL","2025-07-25","Google Natural Search","2025-07-25T13:38:33.000+0000"
"00QV5000006N869MAC"," ","SAL","2025-07-25","Webinar","2025-07-25T17:59:34.000+0000"
"00QV500000MX031MAD"," ","MQL","2025-07-26","Google Ad","2025-07-27T00:02:14.000+0000"
"00QV500000BWtkbMAD"," ","MQL","2025-07-29","Google Ad","2025-07-29T14:45:43.000+0000"
" ","003V500000683VBIAY","SAL","2025-07-29","Website","2025-07-29T18:27:09.000+0000"
"00QV500000MX031MAD"," ","SAL","2025-07-30","Google Ad","2025-07-30T13:50:35.000+0000"
"00QV500000Mik8vMAB"," ","MQL","2025-07-31","Website","2025-07-31T11:39:28.000+0000"
"00QV500000MjLTVMA3"," ","MQL","2025-07-31","Website","2025-07-31T16:24:04.000+0000"
"00QV500000Mjnw2MAB"," ","MQL","2025-07-31","Bing Natural Search","2025-07-31T19:27:25.000+0000"
"00QV5000006N86aMAC"," ","MQL","2025-08-01","Webinar","2025-08-01T20:31:36.000+0000"
" ","003V500000683VBIAY","MQL","2025-08-01","Website","2025-08-01T20:54:03.000+0000"
"00QV500000MjLTVMA3"," ","SAL","2025-08-04","Website","2025-08-04T19:35:50.000+0000"
"00QV500000Hx3jGMAR"," ","MQL","2025-08-05","LinkedIn Ad","2025-08-05T18:19:15.000+0000"
" ","003V50000067bvzIAA","SAL","2025-08-07"," ","2025-08-07T17:44:49.000+0000"
"00QV500000N0Pu2MAF"," ","MQL","2025-08-07","LinkedIn Ad","2025-08-07T18:40:26.000+0000"
"00QV500000N0Pu2MAF"," ","SAL","2025-08-07","LinkedIn Ad","2025-08-07T20:23:27.000+0000"
"00QV500000N0Pu2MAF"," ","MQL","2025-08-07","LinkedIn Ad","2025-08-07T20:23:43.000+0000"
"00QV500000N2qF2MAJ"," ","MQL","2025-08-08"," ","2025-08-08T17:07:58.000+0000"
"00QV500000N2qF2MAJ"," ","MQL","2025-08-11"," ","2025-08-11T18:32:01.000+0000"
"00QV500000N7if1MAB"," ","MQL","2025-08-11","Sales","2025-08-11T18:26:26.000+0000"
"00QV500000N7if1MAB"," ","SAL","2025-08-11","Sales","2025-08-11T18:26:43.000+0000"
"00QV500000Hx3jGMAR"," ","MQL","2025-08-11","LinkedIn Ad","2025-08-11T19:32:21.000+0000"
"00QV500000N8Ys5MAF"," ","MQL","2025-08-11","Google Natural Search","2025-08-11T22:15:15.000+0000"
"00QV500000N9N3PMAV"," ","MQL","2025-08-12","Google Natural Search","2025-08-12T08:14:12.000+0000"
"00QV500000N9N3PMAV"," ","SAL","2025-08-12","Google Natural Search","2025-08-12T12:05:39.000+0000"
"00QV500000N9k82MAB"," ","MQL","2025-08-12","Bing Natural Search","2025-08-12T11:44:27.000+0000"
"00QV5000006N1hnMAC"," ","SAL","2025-08-12","memoryBlue","2025-08-12T14:26:13.000+0000"
" ","003V500000ErlFHIAZ","MQL","2025-08-12","Google Ad","2025-08-12T19:01:34.000+0000"
"00QV500000NApP0MAL"," ","SAL","2025-08-12","Website","2025-08-12T19:15:34.000+0000"
" ","003V500000FRvGWIA1","MQL","2025-08-12","Webinar","2025-08-12T19:00:02.000+0000"
"00QV500000NApP0MAL"," ","MQL","2025-08-12","Website","2025-08-12T18:42:46.000+0000"
" ","003V500000672t8IAA","MQL","2025-08-13","Event","2025-08-13T18:15:39.000+0000"
" ","003V500000674zcIAA","MQL","2025-08-13","Pardot Email","2025-08-13T18:15:39.000+0000"
" ","003V500000675BHIAY","MQL","2025-08-13","Events","2025-08-13T18:15:39.000+0000"
" ","003V500000676c0IAA","MQL","2025-08-13","Sales","2025-08-13T18:15:39.000+0000"
" ","003V500000676c3IAA","MQL","2025-08-13","Event","2025-08-13T18:15:39.000+0000"
" ","003V500000676tPIAQ","MQL","2025-08-13","Sales","2025-08-13T18:15:39.000+0000"
" ","003V500000676tSIAQ","MQL","2025-08-13"," ","2025-08-13T18:15:39.000+0000"
" ","003V50000067DigIAE","MQL","2025-08-13","Webinar","2025-08-13T18:15:39.000+0000"
" ","003V50000067G1YIAU","MQL","2025-08-13","Events","2025-08-13T18:15:39.000+0000"
" ","003V50000067GzkIAE","MQL","2025-08-13","Marketing Research","2025-08-13T18:15:39.000+0000"
" ","003V50000067JPCIA2","MQL","2025-08-13","Webinar","2025-08-13T18:15:39.000+0000"
" ","003V50000067JQhIAM","MQL","2025-08-13","Webinar","2025-08-13T18:15:39.000+0000"
" ","003V50000067JjyIAE","MQL","2025-08-13","Event","2025-08-13T18:15:39.000+0000"
" ","003V50000067JygIAE","MQL","2025-08-13"," ","2025-08-13T18:15:39.000+0000"
" ","003V50000067K49IAE","MQL","2025-08-13","Marketing Research","2025-08-13T18:15:39.000+0000"
" ","003V50000067KBcIAM","MQL","2025-08-13","Marketing Research","2025-08-13T18:15:39.000+0000"
" ","003V50000067Kn0IAE","MQL","2025-08-13"," ","2025-08-13T18:15:39.000+0000"
" ","003V50000067M7HIAU","MQL","2025-08-13","Event","2025-08-13T18:15:39.000+0000"
" ","003V50000067M7oIAE","MQL","2025-08-13","webhelp-access-requested","2025-08-13T18:15:39.000+0000"
" ","003V50000067N1IIAU","MQL","2025-08-13","Event","2025-08-13T18:15:39.000+0000"
" ","003V50000067OobIAE","MQL","2025-08-13","webhelp-access-requested","2025-08-13T18:15:39.000+0000"
" ","003V50000067OzCIAU","MQL","2025-08-13","Events","2025-08-13T18:15:39.000+0000"
" ","003V50000067PwNIAU","MQL","2025-08-13","Drip Email","2025-08-13T18:15:39.000+0000"
" ","003V50000067R7ZIAU","MQL","2025-08-13","Web Site","2025-08-13T18:15:39.000+0000"
" ","003V50000067RO7IAM","MQL","2025-08-13","Event","2025-08-13T18:15:39.000+0000"
" ","003V50000067TbyIAE","MQL","2025-08-13","Event","2025-08-13T18:15:39.000+0000"
" ","003V50000067TvyIAE","MQL","2025-08-13","Events","2025-08-13T18:15:39.000+0000"
" ","003V50000067U9JIAU","MQL","2025-08-13","Inside Sales","2025-08-13T18:15:39.000+0000"
" ","003V50000067UFjIAM","MQL","2025-08-13","WebHelp Registration","2025-08-13T18:15:39.000+0000"
" ","003V50000067UnUIAU","MQL","2025-08-13"," ","2025-08-13T18:15:39.000+0000"
" ","003V50000067UtBIAU","MQL","2025-08-13","Partner","2025-08-13T18:15:39.000+0000"
" ","003V50000067YpeIAE","MQL","2025-08-13"," ","2025-08-13T18:15:39.000+0000"
" ","003V50000067arpIAA","MQL","2025-08-13","Events","2025-08-13T18:15:39.000+0000"
" ","003V50000067bLuIAI","MQL","2025-08-13","Webinar","2025-08-13T18:15:39.000+0000"
" ","003V50000067djwIAA","MQL","2024-12-04","Event","2025-08-13T18:15:39.000+0000"
" ","003V50000067dvoIAA","MQL","2025-08-13","Event","2025-08-13T18:15:39.000+0000"
" ","003V50000067gWpIAI","MQL","2025-08-13","Events","2025-08-13T18:15:39.000+0000"
" ","003V50000067h7QIAQ","MQL","2025-08-13"," ","2025-08-13T18:15:39.000+0000"
" ","003V50000067h7oIAA","MQL","2025-08-13","Event","2025-08-13T18:15:39.000+0000"
" ","003V50000067lSNIAY","MQL","2025-08-13","Event","2025-08-13T18:15:39.000+0000"
" ","003V50000067lVCIAY","MQL","2025-08-13","Events","2025-08-13T18:15:39.000+0000"
" ","003V50000067lVEIAY","MQL","2025-03-14","Google Ad","2025-08-13T18:15:39.000+0000"
" ","003V50000067mXqIAI","MQL","2025-08-13","Event","2025-08-13T18:15:39.000+0000"
" ","003V50000067mYTIAY","MQL","2025-08-13"," ","2025-08-13T18:15:39.000+0000"
" ","003V50000067msNIAQ","MQL","2025-08-13","Events","2025-08-13T18:15:39.000+0000"
" ","003V50000067woSIAQ","MQL","2025-08-13","Event","2025-08-13T18:15:39.000+0000"
" ","003V50000067z6FIAQ","MQL","2025-08-13","Events","2025-08-13T18:15:39.000+0000"
" ","003V50000067z8DIAQ","MQL","2025-08-13","Webinar","2025-08-13T18:15:39.000+0000"
" ","003V500000680G7IAI","MQL","2025-08-13","Events","2025-08-13T18:15:39.000+0000"
" ","003V500000680pkIAA","MQL","2025-08-13","Sales","2025-08-13T18:15:39.000+0000"
" ","003V5000006819zIAA","MQL","2025-08-13","pardot","2025-08-13T18:15:39.000+0000"
" ","003V500000681BtIAI","MQL","2025-08-13","Events","2025-08-13T18:15:39.000+0000"
" ","003V500000683wsIAA","MQL","2025-08-13","pardot","2025-08-13T18:15:39.000+0000"
"00QV5000006N7ejMAC"," ","MQL","2025-08-13","Other - Marketing","2025-08-13T18:15:29.000+0000"
"00QV5000006N7MmMAK"," ","MQL","2025-08-13","Web Site","2025-08-13T18:15:29.000+0000"
"00QV5000006N7nRMAS"," ","MQL","2025-08-13","Webinar","2025-08-13T18:15:29.000+0000"
" ","003V50000067Tm5IAE","MQL","2025-08-13","Webinar","2025-08-13T18:11:50.000+0000"
" ","003V50000067TvnIAE","MQL","2025-08-13","White Paper Placement","2025-08-13T18:11:50.000+0000"
"00QV500000GjL78MAF"," ","SAL","2025-03-14","Partner","2025-08-14T13:59:39.000+0000"
"00QV500000NHCh3MAH"," ","SAL","2025-08-14","Google Natural Search","2025-08-14T20:35:35.000+0000"
"00QV500000NHCh3MAH"," ","MQL","2025-08-14","Google Natural Search","2025-08-14T20:25:35.000+0000"
" ","003V50000067R7ZIAU","SAL","2025-08-15","Web Site","2025-08-15T13:39:26.000+0000"
" ","003V50000067JQhIAM","SAL","2025-08-15","Webinar","2025-08-15T13:55:40.000+0000"
"00QV5000006MvQTMA0"," ","MQL","2025-08-15","Event","2025-08-15T17:24:46.000+0000"
" ","003V50000067zbCIAQ","SAL","2025-08-20","Linkedin Sales Navigator","2025-08-20T12:20:49.000+0000"
"00QV500000NU5oFMAT"," ","MQL","2025-08-20","Partner","2025-08-20T18:50:24.000+0000"
"00QV500000NU5oFMAT"," ","SAL","2025-08-20","Partner","2025-08-20T18:50:28.000+0000"
"00QV500000NZKeYMAX"," ","MQL","2025-08-22","Website","2025-08-22T15:03:26.000+0000"
"00QV500000GWD8BMAX"," ","SAL","2025-08-26","Webinar","2025-08-26T15:32:21.000+0000"
"00QV500000GWD8BMAX"," ","MQL","2025-08-26","Webinar","2025-08-26T15:32:20.000+0000"
"00QV500000Hx3jGMAR"," ","MQL","2025-08-26","LinkedIn Ad","2025-08-26T16:49:20.000+0000"
"00QV5000006N5nYMAS"," ","MQL","2025-08-27","Web Site","2025-08-27T18:10:58.000+0000"
"00QV500000JGENSMA5"," ","SAL","2025-08-27","Other - Marketing","2025-08-27T20:06:14.000+0000"
"00QV500000NmxgiMAB"," ","MQL","2025-08-28","Google Ad","2025-08-28T08:41:30.000+0000"
" ","003V50000067TvuIAE","MQL","2025-08-28","Events","2025-08-28T19:53:32.000+0000"
"00QV500000NohZGMAZ"," ","MQL","2025-08-28","Google Ad","2025-08-28T20:47:31.000+0000"
"00QV500000Nr8joMAB"," ","MQL","2025-08-29","Google Ad","2025-08-29T17:17:45.000+0000"
"00QV500000NsQgEMAV"," ","MQL","2025-08-29","Google Natural Search","2025-08-30T06:01:17.000+0000"
"00QV500000NutqzMAB"," ","MQL","2025-09-01","Website","2025-09-01T07:22:08.000+0000"
"00QV500000NuyAjMAJ"," ","MQL","2025-09-01","Website","2025-09-01T07:53:31.000+0000"
"00QV500000NvWNjMAN"," ","MQL","2025-09-01","Website","2025-09-01T14:40:21.000+0000"
"00QV500000NzH8QMAV"," ","MQL","2025-09-03","Partner","2025-09-03T15:49:59.000+0000"
"00QV500000NzNyZMAV"," ","MQL","2025-09-03","Partner","2025-09-03T15:33:03.000+0000"
"00QV500000NzDJMMA3"," ","SAL","2025-09-03","Partner","2025-09-03T15:56:16.000+0000"
"00QV500000Nz8LEMAZ"," ","SAL","2025-09-03","Partner","2025-09-03T16:00:42.000+0000"
"00QV500000NzDJMMA3"," ","MQL","2025-09-03","Partner","2025-09-03T15:56:14.000+0000"
"00QV500000Nz8LEMAZ"," ","MQL","2025-09-03","Partner","2025-09-03T16:00:40.000+0000"
"00QV500000NzN0sMAF"," ","SAL","2025-09-03","Partner","2025-09-03T15:53:33.000+0000"
"00QV500000NzNyZMAV"," ","SAL","2025-09-03","Partner","2025-09-03T15:33:06.000+0000"
"00QV500000NzE13MAF"," ","SAL","2025-09-03","Partner","2025-09-03T15:43:13.000+0000"
"00QV500000NzE13MAF"," ","MQL","2025-09-03","Partner","2025-09-03T15:43:11.000+0000"
"00QV500000NzLaBMAV"," ","MQL","2025-09-03","Partner","2025-09-03T16:03:58.000+0000"
"00QV500000NzLaBMAV"," ","SAL","2025-09-03","Partner","2025-09-03T16:04:01.000+0000"
"00QV500000NzH8QMAV"," ","SAL","2025-09-03","Partner","2025-09-03T15:50:01.000+0000"
"00QV500000NzN0sMAF"," ","MQL","2025-09-03","Partner","2025-09-03T15:53:31.000+0000"
"00QV5000006N7myMAC"," ","MQL","2025-09-04","Webinar","2025-09-04T15:54:14.000+0000"
"00QV5000006N7lmMAC"," ","MQL","2025-09-04","Webinar","2025-09-04T15:51:40.000+0000"
"00QV5000006N5nYMAS"," ","SAL","2025-09-04","Web Site","2025-09-04T16:19:51.000+0000"
"00QV500000O5TwPMAV"," ","MQL","2025-09-04","Google Ad","2025-09-04T20:42:48.000+0000"
" ","003V500000TZLU1IAP","MQL","2025-09-05","Event","2025-09-05T15:46:58.000+0000"
"00QV500000OADEHMA5"," ","MQL","2025-09-06","Google Ad","2025-09-07T05:06:30.000+0000"
"00QV500000OCFDaMAP"," ","MQL","2025-09-08","Website","2025-09-08T13:49:49.000+0000"
"00QV500000OCisHMAT"," ","MQL","2025-09-08","WebHelp Registration","2025-09-08T15:02:07.000+0000"
"00QV500000OKBj5MAH"," ","MQL","2025-09-10","Website","2025-09-11T00:11:17.000+0000"
"00QV5000006N6JyMAK"," ","MQL","2025-09-10","webhelp-access-requested","2025-09-10T21:17:32.000+0000"
"00QV500000OMqQMMA1"," ","MQL","2025-09-11","Partner","2025-09-11T19:40:55.000+0000"
"00QV500000OMqQMMA1"," ","SAL","2025-09-11","Partner","2025-09-11T19:40:57.000+0000"
"00QV500000OXPebMAH"," ","MQL","2025-09-16","Google Natural Search","2025-09-16T14:14:20.000+0000"
"00QV500000EygtyMAB"," ","MQL","2025-09-16","Website","2025-09-16T14:37:55.000+0000"
"00QV500000OYVGVMA5"," ","MQL","2025-09-16","Website","2025-09-16T19:09:26.000+0000"
"00QV500000Obt7oMAB"," ","MQL","2025-09-17","Events","2025-09-17T20:15:48.000+0000"
"00QV500000OdupMMAR"," ","MQL","2025-09-18","Website","2025-09-18T13:14:24.000+0000"
"00QV500000OjdIjMAJ"," ","MQL","2025-09-20","Website","2025-09-22T18:46:05.000+0000"
"00QV500000ML76jMAD"," ","MQL","2025-09-22","WebHelp Registration","2025-09-23T02:01:37.000+0000"
"00QV500000ML76jMAD"," ","SAL","2025-09-22","WebHelp Registration","2025-09-23T02:01:40.000+0000"
" ","003V50000067jH0IAI","MQL","2025-09-23","Events","2025-09-23T15:15:38.000+0000"
"00QV500000OoF2rMAF"," ","MQL","2025-09-23","Partner","2025-09-23T16:51:52.000+0000"
"00QV500000OoF2rMAF"," ","SAL","2025-09-23","Partner","2025-09-23T16:53:51.000+0000"
"00QV500000OqgBsMAJ"," ","MQL","2025-09-23","Events","2025-09-23T18:28:01.000+0000"
"00QV500000OqgBtMAJ"," ","MQL","2025-09-23","Events","2025-09-23T18:28:01.000+0000"
"00QV500000OqgBuMAJ"," ","MQL","2025-09-23","Events","2025-09-23T18:28:01.000+0000"
"00QV500000OqgBwMAJ"," ","MQL","2025-09-23","Events","2025-09-23T18:28:01.000+0000"
"00QV500000OqgBxMAJ"," ","MQL","2025-09-23","Events","2025-09-23T18:28:01.000+0000"
"00QV500000OqgByMAJ"," ","MQL","2025-09-23","Events","2025-09-23T18:28:01.000+0000"
"00QV500000OqgBzMAJ"," ","MQL","2025-09-23","Events","2025-09-23T18:28:01.000+0000"
"00QV500000OqgC7MAJ"," ","MQL","2025-09-23","Events","2025-09-23T18:28:01.000+0000"
"00QV500000OqgC8MAJ"," ","MQL","2025-09-23","Events","2025-09-23T18:28:01.000+0000"
"00QV500000OqgC9MAJ"," ","MQL","2025-09-23","Events","2025-09-23T18:28:01.000+0000"
"00QV500000OqgCAMAZ"," ","MQL","2025-09-23","Events","2025-09-23T18:28:01.000+0000"
"00QV500000OqgCDMAZ"," ","MQL","2025-09-23","Events","2025-09-23T18:28:01.000+0000"
"00QV500000OqgCEMAZ"," ","MQL","2025-09-23","Events","2025-09-23T18:28:01.000+0000"
"00QV500000OqgCKMAZ"," ","MQL","2025-09-23","Events","2025-09-23T18:28:01.000+0000"
"00QV500000OqgCLMAZ"," ","MQL","2025-09-23","Events","2025-09-23T18:28:01.000+0000"
"00QV500000OqgCMMAZ"," ","MQL","2025-09-23","Events","2025-09-23T18:28:01.000+0000"
"00QV500000OqgCNMAZ"," ","MQL","2025-09-23","Events","2025-09-23T18:28:01.000+0000"
"00QV500000OqgCSMAZ"," ","MQL","2025-09-23","Events","2025-09-23T18:28:01.000+0000"
"00QV500000OqgCVMAZ"," ","MQL","2025-09-23","Events","2025-09-23T18:28:01.000+0000"
"00QV500000OqgCWMAZ"," ","MQL","2025-09-23","Events","2025-09-23T18:28:01.000+0000"
"00QV500000OqgCXMAZ"," ","MQL","2025-09-23","Events","2025-09-23T18:28:01.000+0000"
"00QV500000OqgCYMAZ"," ","MQL","2025-09-23","Events","2025-09-23T18:28:01.000+0000"
"00QV500000OqgCTMAZ"," ","MQL","2025-09-23","Events","2025-09-23T18:28:02.000+0000"
"00QV500000A6mPCMAZ"," ","MQL","2025-09-23","Events","2025-09-23T18:28:12.000+0000"
"00QV500000A6mPDMAZ"," ","MQL","2025-09-23","Events","2025-09-23T18:28:12.000+0000"
"00QV500000A6mPGMAZ"," ","MQL","2025-09-23","Events","2025-09-23T18:28:12.000+0000"
"00QV500000A6mPHMAZ"," ","MQL","2025-09-23","Events","2025-09-23T18:28:12.000+0000"
"00QV500000A6mPIMAZ"," ","MQL","2025-09-23","Events","2025-09-23T18:28:12.000+0000"
"00QV500000LqLuOMAV"," ","MQL","2025-09-23","Events","2025-09-23T18:28:12.000+0000"
"00QV500000OCbdtMAD"," ","MQL","2025-09-23","Events","2025-09-23T18:28:12.000+0000"
"00QV500000ODAlLMAX"," ","MQL","2025-09-23","Events","2025-09-23T18:28:12.000+0000"
"00QV500000ODGZ2MAP"," ","MQL","2025-09-23","Events","2025-09-23T18:28:12.000+0000"
" ","003V500000672pbIAA","MQL","2025-09-23","Events","2025-09-23T18:27:57.000+0000"
" ","003V50000067ChEIAU","MQL","2025-09-23","Events","2025-09-23T18:27:57.000+0000"
" ","003V50000067IMsIAM","MQL","2025-09-23","Events","2025-09-23T18:27:57.000+0000"
" ","003V50000067Yv5IAE","MQL","2025-09-23","Events","2025-09-23T18:27:57.000+0000"
" ","003V50000067bZvIAI","MQL","2025-09-23","Events","2025-09-23T18:27:57.000+0000"
" ","003V500000OG4xuIAD","MQL","2025-09-23","Events","2025-09-23T18:27:57.000+0000"
" ","003V500000RDRFpIAP","MQL","2025-09-23","WebHelp Registration","2025-09-23T18:27:57.000+0000"
"00QV500000OtV0XMAV"," ","MQL","2025-09-24","Website","2025-09-24T15:52:07.000+0000"
"00QV500000OvWQMMA3"," ","MQL","2025-09-25","Website","2025-09-25T08:47:30.000+0000"
"00QV500000P2BaUMAV"," ","MQL","2025-09-27","Google Ad","2025-09-28T06:48:23.000+0000"
" ","003V500000672E9IAI","MQL","2025-09-29","Bing Natural Search","2025-09-29T17:05:22.000+0000"
"00QV500000P513WMAR"," ","MQL","2025-09-29","Website","2025-09-29T17:35:37.000+0000"
"00QV500000P7wIbMAJ"," ","MQL","2025-09-30"," ","2025-09-30T15:58:20.000+0000"
"00QV500000P7wSHMAZ"," ","MQL","2025-09-30"," ","2025-09-30T15:59:25.000+0000"
"00QV5000006MvQfMAK"," ","MQL","2025-10-01","Events","2025-10-01T17:46:06.000+0000"
"00QV5000006N5SHMA0"," ","MQL","2025-10-01","Event","2025-10-01T17:43:44.000+0000"
" ","003V500000683VBIAY","MQL","2025-10-01","Website","2025-10-01T20:05:49.000+0000"
"00QV500000LwyZDMAZ"," ","MQL","2025-10-02","Internal Event Registration - exclude","2025-10-02T16:13:27.000+0000"
"00QV500000PF0hFMAT"," ","MQL","2025-10-02","Website","2025-10-02T18:57:57.000+0000"
"00QV500000GWDY7MAP"," ","MQL","2025-10-02","Webinar","2025-10-02T23:28:46.000+0000"
"00QV500000O5QAYMA3"," ","SAL","2025-10-03","6sense SI","2025-10-03T13:27:57.000+0000"
"00QV500000PEayAMAT"," ","SAL","2025-10-03","Partner","2025-10-03T15:07:15.000+0000"
"00QV500000PEayAMAT"," ","MQL","2025-10-03","Partner","2025-10-03T15:07:13.000+0000"
"00QV5000006N82CMAS"," ","MQL","2025-10-03","Google Ad","2025-10-03T15:11:05.000+0000"
"00QV500000PEnvJMAT"," ","MQL","2025-10-03","Partner","2025-10-03T15:09:33.000+0000"
"00QV500000PEnvJMAT"," ","SAL","2025-10-03","Partner","2025-10-03T15:09:36.000+0000"
"00QV500000Ou09DMAR"," ","MQL","2025-10-03","Website","2025-10-03T18:12:35.000+0000"
"00QV500000PHogLMAT"," ","MQL","2025-10-03","Website","2025-10-03T18:53:47.000+0000"
"00QV500000PJE5hMAH"," ","MQL","2025-10-04","Website","2025-10-04T15:20:22.000+0000"
"00QV5000009uLofMAE"," ","MQL","2025-10-06","Website","2025-10-06T18:01:30.000+0000"
"00QV500000PQzW5MAL"," ","MQL","2025-10-07","Google Ad","2025-10-07T14:08:08.000+0000"
"00QV500000PSD5ZMAX"," ","MQL","2025-10-07","Website","2025-10-07T18:05:59.000+0000"
" ","003V50000067sWlIAI","SAL","2025-10-07","Event","2025-10-07T20:12:27.000+0000"
" ","003V50000067sWlIAI","MQL","2025-10-07","Event","2025-10-07T20:10:14.000+0000"
" ","003V500000Oxev9IAB","MQL","2025-10-07","Webinar","2025-10-07T20:42:25.000+0000"
"00QV500000PVz2PMAT"," ","SAL","2025-10-08","memoryBlue","2025-10-08T17:11:16.000+0000"
"00QV500000PVz2PMAT"," ","MQL","2025-10-08","memoryBlue","2025-10-08T17:10:13.000+0000"
"00QV5000006N7pYMAS"," ","SAL","2025-10-09","Event","2025-10-09T08:25:58.000+0000"
"00QV500000PcYLeMAN"," ","MQL","2025-10-10","Bing Ads","2025-10-10T09:50:35.000+0000"
"00QV5000008iyzxMAA"," ","MQL","2025-10-10","Google Ad","2025-10-10T15:11:51.000+0000"
"00QV500000Pg8u1MAB"," ","MQL","2025-10-11","WebHelp Registration","2025-10-11T13:04:04.000+0000"
"00QV500000GWDYVMA5"," ","SAL","2025-10-14","Webinar","2025-10-14T12:31:05.000+0000"
"00QV5000006N7QcMAK"," ","MQL","2025-10-14","Google Ad","2025-10-14T23:23:11.000+0000"
"00QV5000006N82sMAC"," ","MQL","2025-10-14","Events","2025-10-14T23:23:11.000+0000"
"00QV5000009y4jVMAQ"," ","MQL","2025-10-14","Webinar","2025-10-14T23:23:11.000+0000"
"00QV500000PpWcBMAV"," ","MQL","2025-10-14","Partner","2025-10-14T23:21:19.000+0000"
"00QV500000PpMWRMA3"," ","MQL","2025-10-14","Partner","2025-10-14T23:21:41.000+0000"
"00QV500000PpULrMAN"," ","MQL","2025-10-14","Partner","2025-10-14T23:20:33.000+0000"
" ","003V50000067UtDIAU","MQL","2025-10-14","Event","2025-10-14T23:23:17.000+0000"
"00QV500000PpWEbMAN"," ","MQL","2025-10-14","Partner","2025-10-14T23:20:56.000+0000"
"00QV500000PpSC0MAN"," ","MQL","2025-10-14","Partner","2025-10-14T23:20:53.000+0000"
"00QV500000PpUVaMAN"," ","MQL","2025-10-14","Website","2025-10-14T23:21:12.000+0000"
"00QV500000PpWqkMAF"," ","MQL","2025-10-14","Partner","2025-10-14T23:21:16.000+0000"
"00QV500000PpRskMAF"," ","MQL","2025-10-14","Google Natural Search","2025-10-14T23:20:22.000+0000"
"00QV500000PpI4aMAF"," ","MQL","2025-10-14","Partner","2025-10-14T23:20:19.000+0000"
"00QV500000PpZDcMAN"," ","MQL","2025-10-14","Partner","2025-10-14T23:20:11.000+0000"
"00QV500000PpZOlMAN"," ","MQL","2025-10-14","Partner","2025-10-14T23:20:26.000+0000"
"00QV500000PpU7LMAV"," ","MQL","2025-10-14","Partner","2025-10-14T23:20:16.000+0000"
"00QV500000PpaW6MAJ"," ","MQL","2025-10-14","Partner","2025-10-14T23:20:43.000+0000"
"00QV500000PpZNCMA3"," ","MQL","2025-10-14","Partner","2025-10-14T23:21:45.000+0000"
"00QV500000PpbVNMAZ"," ","MQL","2025-10-14","Events","2025-10-14T23:21:03.000+0000"
"00QV500000PpbVOMAZ"," ","MQL","2025-10-14","Partner","2025-10-14T23:21:23.000+0000"
"00QV500000ML8M8MAL"," ","MQL","2025-10-14","WebHelp Registration","2025-10-14T23:20:40.000+0000"
"00QV500000PpWAkMAN"," ","MQL","2025-10-14","Partner","2025-10-14T23:21:38.000+0000"
"00QV500000PpRSqMAN"," ","MQL","2025-10-14","Partner","2025-10-14T23:20:30.000+0000"
"00QV500000PpbS9MAJ"," ","MQL","2025-10-14","Events","2025-10-14T23:20:37.000+0000"
"00QV500000PpQGeMAN"," ","MQL","2025-10-14","WebHelp Registration","2025-10-14T23:20:47.000+0000"
"00QV500000PpbTlMAJ"," ","MQL","2025-10-14","Partner","2025-10-14T23:20:50.000+0000"
"00QV5000006N7WDMA0"," ","MQL","2025-10-14","webhelp-access-requested","2025-10-14T23:21:00.000+0000"
"00QV500000PpbWzMAJ"," ","MQL","2025-10-14","Partner","2025-10-14T23:21:06.000+0000"
"00QV500000PpZYVMA3"," ","MQL","2025-10-14","Events","2025-10-14T23:21:09.000+0000"
"00QV500000PpanqMAB"," ","MQL","2025-10-14","Partner","2025-10-14T23:21:26.000+0000"
"00QV500000PpbYbMAJ"," ","MQL","2025-10-14","Partner","2025-10-14T23:21:34.000+0000"
" ","003V50000067UsnIAE","MQL","2025-10-14","Partner","2025-10-14T23:25:13.000+0000"
" ","003V500000680FNIAY","SAL","2025-10-15","Zoominfo","2025-10-15T14:12:02.000+0000"
" ","003V500000674MiIAI","MQL","2025-10-15","Events","2025-10-15T20:07:20.000+0000"
" ","003V50000067l02IAA","MQL","2025-10-15","Events","2025-10-15T20:07:20.000+0000"
" ","003V50000067l0gIAA","MQL","2025-10-15","Events","2025-10-15T20:07:20.000+0000"
" ","003V50000067l0hIAA","MQL","2025-10-15","Events","2025-10-15T20:07:20.000+0000"
" ","003V50000067l0iIAA","MQL","2025-10-15","Events","2025-10-15T20:07:20.000+0000"
" ","003V50000067t5kIAA","MQL","2025-10-15","Events","2025-10-15T20:07:20.000+0000"
" ","003V500000682PzIAI","MQL","2025-10-15","Events","2025-10-15T20:07:20.000+0000"
" ","003V500000684vbIAA","MQL","2025-10-15","Events","2025-10-15T20:07:20.000+0000"
" ","003V500000Oy0sKIAR","MQL","2025-10-15","Events","2025-10-15T20:07:20.000+0000"
" ","003V50000067Rt5IAE","MQL","2025-10-15","Events","2025-10-15T19:41:22.000+0000"
" ","003V50000067knzIAA","MQL","2025-10-15","Events","2025-10-15T20:03:52.000+0000"
"00QV500000PtCgSMAV"," ","MQL","2025-10-15","Events","2025-10-15T20:07:42.000+0000"
"00QV500000PtCi5MAF"," ","MQL","2025-10-15","Events","2025-10-15T20:07:42.000+0000"
"00QV500000PtCi6MAF"," ","MQL","2025-10-15","Events","2025-10-15T20:07:42.000+0000"
"00QV500000PtCi7MAF"," ","MQL","2025-10-15","Events","2025-10-15T20:07:42.000+0000"
"00QV500000PtCi8MAF"," ","MQL","2025-10-15","Events","2025-10-15T20:07:42.000+0000"
"00QV500000PtCi9MAF"," ","MQL","2025-10-15","Events","2025-10-15T20:07:42.000+0000"
"00QV500000PtCiAMAV"," ","MQL","2025-10-15","Events","2025-10-15T20:07:42.000+0000"
"00QV500000PtCiBMAV"," ","MQL","2025-10-15","Events","2025-10-15T20:07:42.000+0000"
"00QV500000PtCiCMAV"," ","MQL","2025-10-15","Events","2025-10-15T20:07:42.000+0000"
"00QV500000PtCiDMAV"," ","MQL","2025-10-15","Events","2025-10-15T20:07:42.000+0000"
"00QV500000PtCiEMAV"," ","MQL","2025-10-15","Events","2025-10-15T20:07:42.000+0000"
"00QV500000PtCiFMAV"," ","MQL","2025-10-15","Events","2025-10-15T20:07:42.000+0000"
"00QV500000PtCiGMAV"," ","MQL","2025-10-15","Events","2025-10-15T20:07:42.000+0000"
"00QV500000PtCiHMAV"," ","MQL","2025-10-15","Events","2025-10-15T20:07:42.000+0000"
"00QV500000PtCiIMAV"," ","MQL","2025-10-15","Events","2025-10-15T20:07:42.000+0000"
"00QV500000PtCiJMAV"," ","MQL","2025-10-15","Events","2025-10-15T20:07:42.000+0000"
"00QV500000PtCiKMAV"," ","MQL","2025-10-15","Events","2025-10-15T20:07:42.000+0000"
"00QV500000PtCiLMAV"," ","MQL","2025-10-15","Events","2025-10-15T20:07:42.000+0000"
"00QV500000PtCjaMAF"," ","MQL","2025-10-15","Events","2025-10-15T20:07:42.000+0000"
"00QV500000PtCjbMAF"," ","MQL","2025-10-15","Events","2025-10-15T20:07:42.000+0000"
"00QV500000PtCjcMAF"," ","MQL","2025-10-15","Events","2025-10-15T20:07:42.000+0000"
"00QV500000PtCjjMAF"," ","MQL","2025-10-15","Events","2025-10-15T20:07:57.000+0000"
"00QV500000PtCjkMAF"," ","MQL","2025-10-15","Events","2025-10-15T20:07:57.000+0000"
"00QV500000PtCjlMAF"," ","MQL","2025-10-15","Events","2025-10-15T20:07:57.000+0000"
"00QV500000PtCjmMAF"," ","MQL","2025-10-15","Events","2025-10-15T20:07:57.000+0000"
"00QV500000PtCjoMAF"," ","MQL","2025-10-15","Events","2025-10-15T20:07:57.000+0000"
"00QV500000JQEu2MAH"," ","MQL","2025-10-15","Events","2025-10-15T20:08:01.000+0000"
"00QV500000PtSOiMAN"," ","MQL","2025-10-16","Google Natural Search","2025-10-16T17:54:38.000+0000"
"00QV500000QBfyXMAT"," ","MQL","2025-10-21","Website","2025-10-21T16:11:01.000+0000"
"00QV500000QDNO2MAP"," ","MQL","2025-10-21","Google Ad","2025-10-21T20:59:47.000+0000"
"00QV5000009uMVzMAM"," ","MQL","2025-10-22","Website","2025-10-22T18:01:59.000+0000"
"00QV5000009uMVzMAM"," ","MQL","2025-10-22","Website","2025-10-22T18:47:36.000+0000"
"00QV500000QQGgUMAX"," ","MQL","2025-10-24","Website","2025-10-24T14:21:14.000+0000"
"00QV500000QT6BAMA1"," ","MQL","2025-10-24","Google Ad","2025-10-25T04:55:34.000+0000"
"00QV500000QT5TdMAL"," ","MQL","2025-10-24","Website","2025-10-25T06:15:41.000+0000"
"00QV500000QT7LjMAL"," ","MQL","2025-10-24","Google Ad","2025-10-25T05:31:49.000+0000"
"00QV500000QTzvZMAT"," ","MQL","2025-10-25","Google Ad","2025-10-25T22:06:52.000+0000"
"00QV500000QUPV3MAP"," ","MQL","2025-10-25","Google Ad","2025-10-26T05:15:03.000+0000"
"00QV500000QV3aXMAT"," ","MQL","2025-10-26","Google Ad","2025-10-26T18:40:51.000+0000"
"00QV500000QXx8nMAD"," ","MQL","2025-10-27","Events","2025-10-27T18:57:25.000+0000"
"00QV500000QZTucMAH"," ","MQL","2025-10-27","Google Ad","2025-10-28T06:31:22.000+0000"
"00QV500000QZwoZMAT"," ","MQL","2025-10-28","Google Ad","2025-10-28T09:51:36.000+0000"
"00QV500000QaCGbMAN"," ","MQL","2025-10-28","Google Ad","2025-10-28T11:06:07.000+0000"
"00QV500000Qb4daMAB"," ","MQL","2025-10-28","Website","2025-10-28T16:22:38.000+0000"
"00QV500000QBfyXMAT"," ","SAL","2025-10-28","Website","2025-10-28T17:53:53.000+0000"
"00QV500000QbhlOMAR"," ","MQL","2025-10-28","Sales","2025-10-28T19:06:16.000+0000"
"00QV500000Qck4TMAR"," ","MQL","2025-10-28","Google Ad","2025-10-29T01:06:02.000+0000"
"00QV500000QdHTRMA3"," ","MQL","2025-10-28","Website","2025-10-29T06:00:46.000+0000"
" ","003V50000067aVLIAY","MQL","2025-10-29","WebHelp Registration","2025-10-29T23:12:44.000+0000"
"00QV500000QgtkHMAR"," ","MQL","2025-10-29","Google Ad","2025-10-30T04:07:35.000+0000"
"00QV500000QhVETMA3"," ","MQL","2025-10-30","Google Ad","2025-10-30T09:57:11.000+0000"
"00QV500000JQIb3MAH"," ","SAL","2025-10-30","Events","2025-10-30T17:48:35.000+0000"
"00QV500000JQGPMMA5"," ","SAL","2025-10-30","Webinar","2025-10-30T17:49:55.000+0000"
"00QV500000PtCjcMAF"," ","SAL","2025-10-30","Events","2025-10-30T20:23:51.000+0000"
" ","003V50000067TvuIAE","MQL","2025-10-31","Events","2025-10-31T17:11:15.000+0000"
"00QV500000QnCaZMAV"," ","MQL","2025-10-31","Google Ad","2025-10-31T23:25:11.000+0000"
"00QV500000QndR5MAJ"," ","MQL","2025-10-31","Google Ad","2025-11-01T05:39:59.000+0000"
"00QV500000QokogMAB"," ","MQL","2025-11-01","Google Ad","2025-11-01T22:12:08.000+0000"
"00QV5000006N7LuMAK"," ","SAL","2025-11-03","Website","2025-11-03T14:28:23.000+0000"
"00QV500000QrqKrMAJ"," ","MQL","2025-11-03","Website","2025-11-03T15:13:31.000+0000"
"00QV5000009uLTXMA2"," ","MQL","2025-10-14","Website","2025-11-03T20:02:16.000+0000"
"00QV500000Qu5fbMAB"," ","MQL","2025-11-03","Google Ad","2025-11-04T02:59:06.000+0000"
"00QV500000QwPiDMAV"," ","MQL","2025-11-04","Google Ad","2025-11-04T17:26:51.000+0000"
"00QV500000M3WA6MAN"," ","MQL","2025-11-04","Partner","2025-11-04T19:59:24.000+0000"
"00QV500000MAG0YMAX"," ","SAL","2025-11-04","Partner","2025-11-04T19:58:50.000+0000"
"00QV500000MAG0YMAX"," ","MQL","2025-11-04","Partner","2025-11-04T19:58:38.000+0000"
"00QV500000M3WA6MAN"," ","SAL","2025-11-04","Partner","2025-11-04T19:59:26.000+0000"
"00QV500000R2565MAB"," ","MQL","2025-11-05","Google Ad","2025-11-06T06:19:42.000+0000"
"00QV500000R3nUTMAZ"," ","MQL","2025-11-06","Events","2025-11-06T15:20:26.000+0000"
"00QV500000R4DOvMAN"," ","MQL","2025-11-06","Website","2025-11-06T17:21:11.000+0000"
"00QV5000006N7pYMAS"," ","MQL","2025-11-07","Event","2025-11-07T15:41:41.000+0000"
"00QV5000006N7pYMAS"," ","SAL","2025-11-07","Event","2025-11-07T15:42:29.000+0000"
"00QV500000OdupMMAR"," ","MQL","2025-11-07","Website","2025-11-07T21:17:26.000+0000"
"00QV500000OdupMMAR"," ","MQL","2025-11-03","Website","2025-11-07T21:15:26.000+0000"
"00QV500000RB8lvMAD"," ","MQL","2025-11-09","Google Ad","2025-11-09T16:45:54.000+0000"
" ","003V50000067TvyIAE","MQL","2025-11-09","Events","2025-11-09T18:04:46.000+0000"
"00QV500000RC6DPMA1"," ","MQL","2025-11-09","Google Ad","2025-11-10T04:59:35.000+0000"
"00QV500000REZzFMAX"," ","MQL","2025-11-10","Website","2025-11-10T19:41:07.000+0000"
"00QV500000RGZiEMAX"," ","MQL","2025-11-11","Google Ad","2025-11-11T10:24:11.000+0000"
"00QV500000REZzFMAX"," ","SAL","2025-11-11","Website","2025-11-11T15:52:04.000+0000"
"00QV500000RJOx4MAH"," ","MQL","2025-11-12","Event","2025-11-12T01:42:58.000+0000"
"00QV500000RJOx5MAH"," ","MQL","2025-11-12","Event","2025-11-12T01:42:58.000+0000"
"00QV500000RJOxKMAX"," ","MQL","2025-11-12","Event","2025-11-12T01:42:58.000+0000"
"00QV500000RJOxLMAX"," ","MQL","2025-11-12","Event","2025-11-12T01:42:58.000+0000"
"00QV500000RJOxMMAX"," ","MQL","2025-11-12","Event","2025-11-12T01:42:58.000+0000"
"00QV500000RLVSgMAP"," ","MQL","2025-11-12","Website","2025-11-12T17:02:09.000+0000"
"00QV500000RLpuPMAT"," ","MQL","2025-11-12","Google Ad","2025-11-12T18:04:41.000+0000"
"00QV500000RM6SGMA1"," ","MQL","2025-11-12","Partner","2025-11-12T20:19:14.000+0000"
"00QV500000RM6SGMA1"," ","SAL","2025-11-12","Partner","2025-11-12T20:19:16.000+0000"
"00QV500000RMS1JMAX"," ","MQL","2025-11-12","Events","2025-11-12T21:04:24.000+0000"
"00QV500000RMKmxMAH"," ","MQL","2025-11-12","Events","2025-11-12T20:58:43.000+0000"
"00QV500000RJOxIMAX"," ","MQL","2025-11-13","Event","2025-11-13T16:36:48.000+0000"
"00QV500000ROVnwMAH"," ","MQL","2025-11-13","Website","2025-11-13T14:33:35.000+0000"
"00QV500000RPKC5MAP"," ","SAL","2025-11-13","Partner","2025-11-13T16:38:35.000+0000"
"00QV500000RJOx9MAH"," ","MQL","2025-11-13","Event","2025-11-13T16:35:56.000+0000"
"00QV500000RPKC5MAP"," ","MQL","2025-11-13","Partner","2025-11-13T16:38:33.000+0000"
"00QV500000RJOx3MAH"," ","MQL","2025-11-13","Event","2025-11-13T16:34:35.000+0000"
"00QV500000RJOx8MAH"," ","MQL","2025-11-13","Event","2025-11-13T16:35:44.000+0000"
"00QV500000RJOxEMAX"," ","MQL","2025-11-13","Event","2025-11-13T16:36:08.000+0000"
"00QV500000RJOxFMAX"," ","MQL","2025-11-13","Event","2025-11-13T16:36:19.000+0000"
"00QV500000RJOxHMAX"," ","MQL","2025-11-13","Event","2025-11-13T16:36:33.000+0000"
"00QV500000RQXonMAH"," ","MQL","2025-11-13","Partner","2025-11-13T22:10:02.000+0000"
"00QV500000RQXonMAH"," ","SAL","2025-11-13","Partner","2025-11-13T22:10:05.000+0000"
"00QV500000RRoNmMAL"," ","MQL","2025-11-14","Google Ad","2025-11-14T08:34:26.000+0000"
"00QV500000RRlWOMA1"," ","MQL","2025-11-14","Google Ad","2025-11-14T08:51:26.000+0000"
"00QV500000RSfBzMAL"," ","MQL","2025-11-14","Google Natural Search","2025-11-14T14:49:01.000+0000"
"00QV500000RSm8eMAD"," ","MQL","2025-11-14","Google Natural Search","2025-11-14T15:23:57.000+0000"
"00QV500000RUxBDMA1"," ","MQL","2025-11-15","Google Ad","2025-11-15T11:08:59.000+0000"
"00QV500000RW0dFMAT"," ","MQL","2025-11-15","Google Ad","2025-11-16T05:16:55.000+0000"
"00QV500000RVkv4MAD"," ","MQL","2025-11-15","Google Ad","2025-11-16T05:58:30.000+0000"
"00QV500000RX3fWMAT"," ","MQL","2025-11-16","Google Ad","2025-11-17T02:26:05.000+0000"
"00QV500000RXeOwMAL"," ","MQL","2025-11-16","Google Ad","2025-11-17T07:48:50.000+0000"
"00QV500000RcdVjMAJ"," ","MQL","2025-11-18","Event","2025-11-18T14:43:24.000+0000"
"00QV500000RcdVnMAJ"," ","MQL","2025-11-18","Event","2025-11-18T14:43:24.000+0000"
"00QV500000RcdVpMAJ"," ","MQL","2025-11-18","Event","2025-11-18T14:43:24.000+0000"
"00QV500000RcdVtMAJ"," ","MQL","2025-11-18","Event","2025-11-18T14:43:24.000+0000"
"00QV500000RcdVwMAJ"," ","MQL","2025-11-18","Event","2025-11-18T14:43:24.000+0000"
"00QV500000RcdVxMAJ"," ","MQL","2025-11-18","Event","2025-11-18T14:43:24.000+0000"
"00QV500000RfcubMAB"," ","MQL","2025-11-18","Bing Natural Search","2025-11-19T03:20:53.000+0000"
"00QV500000RW0dFMAT"," ","MQL","2025-11-19","Google Ad","2025-11-19T10:14:23.000+0000"
"00QV500000RgW5bMAF"," ","MQL","2025-11-19","Google Ad","2025-11-19T11:58:38.000+0000"
"00QV500000RgVPdMAN"," ","MQL","2025-11-19","Google Ad","2025-11-19T10:29:57.000+0000"
"00QV500000RiT5BMAV"," ","MQL","2025-11-19","Website","2025-11-19T21:05:04.000+0000"
"00QV500000RgVPdMAN"," ","MQL","2025-11-19","Google Ad","2025-11-20T06:17:05.000+0000"
"00QV500000Rk1GRMAZ"," ","MQL","2025-11-20","Google Ad","2025-11-20T10:57:00.000+0000"
"00QV500000Rkg80MAB"," ","MQL","2025-11-20","Google Ad","2025-11-20T14:34:12.000+0000"
"00QV500000RnUzwMAF"," ","MQL","2025-11-20","Google Ad","2025-11-21T05:55:56.000+0000"
"00QV500000RmUsIMAV"," ","MQL","2025-11-21","Events","2025-11-21T16:03:33.000+0000"
"00QV500000Rkjp1MAB"," ","MQL","2025-11-21","Partner","2025-11-21T17:04:33.000+0000"
"00QV500000RlFTtMAN"," ","SAL","2025-11-21","Partner","2025-11-21T16:53:27.000+0000"
"00QV5000009xmJcMAI"," ","MQL","2025-11-21","Partner","2025-11-21T16:12:48.000+0000"
"00QV500000RmUsIMAV"," ","SAL","2025-11-21","Events","2025-11-21T16:04:16.000+0000"
"00QV500000Rkjp1MAB"," ","SAL","2025-11-21","Partner","2025-11-21T17:04:36.000+0000"
"00QV5000009xmJcMAI"," ","SAL","2025-11-21","Partner","2025-11-21T16:13:04.000+0000"
"00QV500000RlFTtMAN"," ","MQL","2025-11-21","Partner","2025-11-21T16:53:20.000+0000"
"00QV500000Rkr3QMAR"," ","MQL","2025-11-21","Partner","2025-11-21T16:55:22.000+0000"
"00QV500000Rkr3QMAR"," ","SAL","2025-11-21","Partner","2025-11-21T16:55:25.000+0000"
" ","003V50000067sWpIAI","SAL","2025-11-21","Partner","2025-11-21T18:24:09.000+0000"
"00QV500000RpE1NMAV"," ","MQL","2025-11-21","Google Ad","2025-11-21T17:53:59.000+0000"
"00QV500000RlCsbMAF"," ","MQL","2025-11-21","Partner","2025-11-21T18:19:36.000+0000"
"00QV500000RlCsbMAF"," ","SAL","2025-11-21","Partner","2025-11-21T18:19:37.000+0000"
" ","003V50000067sWpIAI","MQL","2025-11-21","Partner","2025-11-21T18:24:07.000+0000"
"00QV500000RQXonMAH"," ","MQL","2025-11-21","Partner","2025-11-21T18:29:16.000+0000"
"00QV500000RQXonMAH"," ","SAL","2025-11-21","Partner","2025-11-21T18:29:26.000+0000"
"00QV500000RPKC5MAP"," ","MQL","2025-11-21","Partner","2025-11-21T21:44:48.000+0000"
"00QV500000RPKC5MAP"," ","SAL","2025-11-21","Partner","2025-11-21T21:44:49.000+0000"
"00QV500000RqO3WMAV"," ","MQL","2025-11-21","Google Ad","2025-11-22T03:02:23.000+0000"
"00QV500000RpE1NMAV"," ","MQL","2025-11-22","Google Ad","2025-11-22T09:54:44.000+0000"
"00QV500000Rrgb3MAB"," ","MQL","2025-11-23","LinkedIn Ad","2025-11-23T03:27:20.000+0000"
"00QV500000RsDNJMA3"," ","MQL","2025-11-23","Google Ad","2025-11-23T15:26:01.000+0000"
"00QV500000RvfuzMAB"," ","MQL","2025-11-24","Events","2025-11-24T20:55:22.000+0000"
"00QV500000RzLhVMAV"," ","MQL","2025-11-25","Partner","2025-11-25T18:26:30.000+0000"
"00QV500000RzLhVMAV"," ","SAL","2025-11-25","Partner","2025-11-25T18:26:32.000+0000"
"00QV500000SGXJIMA5"," ","MQL","2025-12-01","Website","2025-12-02T05:04:14.000+0000"
"00QV500000SGwEPMA1"," ","MQL","2025-12-01","Website","2025-12-02T07:51:35.000+0000"
"00QV5000006N7FuMAK"," ","MQL","2025-12-02","Social Media - Organic","2025-12-02T20:23:48.000+0000"
"00QV5000006N7FuMAK"," ","SAL","2025-12-02","Social Media - Organic","2025-12-02T20:22:47.000+0000"
"00QV500000SQEAVMA5"," ","MQL","2025-12-04","Partner","2025-12-04T17:53:05.000+0000"
"00QV500000SQEAVMA5"," ","SAL","2025-12-04","Partner","2025-12-04T17:53:23.000+0000"
"00QV500000SGTXPMA5"," ","MQL","2025-12-05","Google Ad","2025-12-05T19:39:01.000+0000"
"00QV500000SHWkzMAH"," ","MQL","2025-12-05","Website","2025-12-05T19:39:49.000+0000"
"00QV500000SH73PMAT"," ","MQL","2025-12-05","Website","2025-12-05T19:53:01.000+0000"
"00QV500000SUUwcMAH"," ","MQL","2025-12-05","Partner","2025-12-05T20:50:25.000+0000"
"00QV500000SUUwcMAH"," ","SAL","2025-12-05","Partner","2025-12-05T20:50:27.000+0000"
"00QV500000SYucOMAT"," ","MQL","2025-12-08","Referral","2025-12-08T15:35:58.000+0000"
"00QV500000SYucOMAT"," ","SAL","2025-12-09","Referral","2025-12-09T14:06:47.000+0000"
"00QV500000SgPgGMAV"," ","SAL","2025-12-10","Partner","2025-12-10T15:59:29.000+0000"
"00QV500000SgPgGMAV"," ","MQL","2025-12-10","Partner","2025-12-10T15:59:26.000+0000"
"00QV500000SldsDMAR"," ","MQL","2025-12-11","Google Natural Search","2025-12-11T15:55:25.000+0000"
"00QV500000Sj1mDMAR"," ","SAL","2025-12-15","Partner","2025-12-15T17:20:35.000+0000"
"00QV500000Sj1mDMAR"," ","MQL","2025-12-15","Partner","2025-12-15T17:20:32.000+0000"
"00QV500000SvxjBMAR"," ","MQL","2025-12-15"," ","2025-12-15T18:36:07.000+0000"
"00QV500000SvySLMAZ"," ","MQL","2025-12-15","Website","2025-12-15T18:40:17.000+0000"
"00QV500000SjxrpMAB"," ","MQL","2025-12-15","Google Ad","2025-12-15T19:20:55.000+0000"
" ","003V500000aTnbhIAC","MQL","2025-12-16","Events","2025-12-16T13:27:32.000+0000"
" ","003V500000aV95fIAC","MQL","2025-12-16","Events","2025-12-16T19:30:59.000+0000"
"00QV500000RzNY5MAN"," ","MQL","2025-12-16","Events","2025-12-16T19:33:23.000+0000"
" ","003V500000aV4QoIAK","MQL","2025-12-16"," ","2025-12-16T19:53:07.000+0000"
"00QV500000SzOuyMAF"," ","MQL","2025-12-16","LinkedIn Ad","2025-12-16T20:49:50.000+0000"
"00QV500000TAWnWMAX"," ","MQL","2025-12-19","Google Natural Search","2025-12-19T19:09:20.000+0000"
"00QV500000TB86SMAT"," ","MQL","2025-12-19","Website","2025-12-19T20:28:16.000+0000"
" ","003V500000ahg2VIAQ","MQL","2025-12-19","Sales","2025-12-19T23:44:15.000+0000"
"00QV500000TDocdMAD"," ","MQL","2025-12-21","LinkedIn Ad","2025-12-21T15:31:21.000+0000"
"00QV5000006N7yAMAS"," ","MQL","2025-12-31","Website","2025-12-31T14:40:53.000+0000"
"00QV500000TNr69MAD"," ","MQL","2026-01-05","LinkedIn Ad","2026-01-05T20:17:51.000+0000"
"00QV500000TIQGIMA5"," ","MQL","2026-01-05","LinkedIn Ad","2026-01-05T20:15:02.000+0000"
"00QV500000TY5ZHMA1"," ","MQL","2025-12-31","LinkedIn Ad","2026-01-05T21:20:14.000+0000"
"00QV500000TW6HjMAL"," ","MQL","2025-12-30","LinkedIn Ad","2026-01-05T21:22:09.000+0000"
"00QV500000TRlrlMAD"," ","MQL","2026-01-05","Google Ad","2026-01-05T21:35:26.000+0000"
"00QV500000TB86SMAT"," ","MQL","2026-01-06","Website","2026-01-06T14:39:36.000+0000"
"00QV500000TAWnWMAX"," ","SAL","2026-01-06","Google Natural Search","2026-01-06T14:09:09.000+0000"
" ","003V500000aTnbhIAC","SAL","2026-01-06","Events","2026-01-06T14:10:23.000+0000"
"00QV500000SZKoaMAH"," ","MQL","2025-12-09","Google Ad","2026-01-12T16:04:50.000+0000"
"00QV500000U7337MAB"," ","SAL","2026-01-13","memoryBlue-UK","2026-01-13T11:30:30.000+0000"
"00QV500000TtoJhMAJ"," ","MQL","2026-01-13","Bing Natural Search","2026-01-13T17:35:08.000+0000"
" ","003V50000067TvkIAE","MQL","2026-01-13","Drip Email","2026-01-13T19:15:34.000+0000"
"00QV500000U8bpAMAR"," ","MQL","2026-01-13","Events","2026-01-13T19:26:09.000+0000"
"00QV500000U8eoeMAB"," ","MQL","2026-01-13","Events","2026-01-13T19:24:23.000+0000"
" ","003V50000067xilIAA","MQL","2026-01-13","Marketing Research","2026-01-13T19:16:13.000+0000"
" ","003V500000681dhIAA","MQL","2026-01-13","Organic Search","2026-01-13T19:14:50.000+0000"
"00QV5000006N7nqMAC"," ","MQL","2026-01-13","Linkedin Sales Navigator","2026-01-13T19:17:29.000+0000"
"00QV500000U8elOMAR"," ","MQL","2026-01-13","Events","2026-01-13T19:28:07.000+0000"
"00QV500000U8UEAMA3"," ","MQL","2026-01-13","Events","2026-01-13T19:29:01.000+0000"
"00QV500000RzLhVMAV"," ","MQL","2026-01-14","Partner","2026-01-14T13:43:46.000+0000"
"00QV500000RmUsIMAV"," ","MQL","2026-01-14","Events","2026-01-14T19:23:03.000+0000"
"00QV500000UCr5iMAD"," ","MQL","2026-01-14","Events","2026-01-14T19:23:00.000+0000"
"00QV500000UCr5jMAD"," ","MQL","2026-01-14","Events","2026-01-14T19:23:00.000+0000"
"00QV500000UCr5kMAD"," ","MQL","2026-01-14","Events","2026-01-14T19:23:00.000+0000"
"00QV500000UCr5lMAD"," ","MQL","2026-01-14","Events","2026-01-14T19:23:00.000+0000"
"00QV500000UCr5mMAD"," ","MQL","2026-01-14","Events","2026-01-14T19:23:00.000+0000"
"00QV500000UCr5nMAD"," ","MQL","2026-01-14","Events","2026-01-14T19:23:00.000+0000"
"00QV500000UCr5oMAD"," ","MQL","2026-01-14","Events","2026-01-14T19:23:00.000+0000"
"00QV500000UCr5pMAD"," ","MQL","2026-01-14","Events","2026-01-14T19:23:00.000+0000"
"00QV500000UCr5qMAD"," ","MQL","2026-01-14","Events","2026-01-14T19:23:00.000+0000"
"00QV500000UCr5rMAD"," ","MQL","2026-01-14","Events","2026-01-14T19:23:00.000+0000"
"00QV500000UCr5sMAD"," ","MQL","2026-01-14","Events","2026-01-14T19:23:00.000+0000"
"00QV500000UCr5tMAD"," ","MQL","2026-01-14","Events","2026-01-14T19:23:00.000+0000"
"00QV500000UCr5uMAD"," ","MQL","2026-01-14","Events","2026-01-14T19:23:00.000+0000"
" ","003V500000ZqJgoIAF","MQL","2026-01-14","Events","2026-01-14T19:22:58.000+0000"
" ","003V500000aAqruIAC","MQL","2026-01-14","Events","2026-01-14T19:22:58.000+0000"
" ","003V50000067r2CIAQ","MQL","2026-01-14","Events","2026-01-14T19:22:58.000+0000"
" ","003V5000006859qIAA","MQL","2026-01-14","Events","2026-01-14T19:22:58.000+0000"
" ","003V500000aTnbhIAC","MQL","2026-01-14","Events","2026-01-14T19:22:58.000+0000"
"00QV500000UGVplMAH"," ","MQL","2026-01-15","6sense SI","2026-01-15T17:50:31.000+0000"
"00QV500000UGmibMAD"," ","MQL","2026-01-15","memoryBlue-UK","2026-01-15T19:28:30.000+0000"
"00QV500000UGtgoMAD"," ","MQL","2026-01-15","memoryBlue-UK","2026-01-15T19:12:27.000+0000"
"00QV500000UGnecMAD"," ","MQL","2026-01-15","memoryBlue-UK","2026-01-15T19:22:25.000+0000"
"00QV500000UKF85MAH"," ","SAL","2026-01-16","memoryBlue-UK","2026-01-16T15:48:13.000+0000"
"00QV500000UGVplMAH"," ","SAL","2026-01-16","6sense SI","2026-01-16T15:51:06.000+0000"
" ","003V500000cGD6gIAG","SAL","2026-01-19","memoryBlue-UK","2026-01-19T14:19:39.000+0000"
" ","003V500000cKu1lIAC","MQL","2026-01-20","memoryBlue","2026-01-20T13:57:48.000+0000"
"00QV500000JQGPSMA5"," ","MQL","2026-01-20","Events","2026-01-20T13:51:29.000+0000"
"00QV500000UOBDxMAP"," ","MQL","2026-01-20","LinkedIn Ad","2026-01-20T18:40:36.000+0000"
"00QV500000UW7puMAD"," ","MQL","2026-01-20","Google Ad","2026-01-20T22:51:08.000+0000"
"00QV500000IdCpBMAV"," ","SAL","2026-01-21","Webinar","2026-01-21T16:55:44.000+0000"
"00QV500000UUgN8MAL"," ","SAL","2026-01-21","6sense SI","2026-01-21T16:53:46.000+0000"
"00QV500000JQGPSMA5"," ","SAL","2026-01-23","Events","2026-01-23T13:35:48.000+0000"
"00QV500000UOBDxMAP"," ","MQL","2026-01-26","LinkedIn Ad","2026-01-26T20:35:26.000+0000"
" ","003V500000cfpyTIAQ","SAL","2026-01-27","memoryBlue-UK","2026-01-27T16:24:14.000+0000"
" ","003V500000aTnbhIAC","SAL","2026-01-27","Events","2026-01-27T20:03:43.000+0000"
"00QV500000TtoJhMAJ"," ","SAL","2026-02-02","Bing Natural Search","2026-02-02T20:51:57.000+0000"
"00QV500000UW7puMAD"," ","SAL","2026-02-03","Google Ad","2026-02-03T14:05:27.000+0000"
"00QV500000VInJmMAL"," ","MQL","2026-02-03","Website","2026-02-03T18:27:19.000+0000"
"00QV500000VScuvMAD"," ","MQL","2026-02-05","Google Ad","2026-02-05T23:03:25.000+0000"
"00QV500000Vbww3MAB"," ","MQL","2026-02-09","Google Ad","2026-02-09T16:21:21.000+0000"
" ","003V500000dRvi6IAC","MQL","2026-01-08","Bing Natural Search","2026-02-09T21:37:45.000+0000"
" ","003V500000dRvi6IAC","SAL","2026-01-29","Bing Natural Search","2026-02-09T21:35:11.000+0000"
"00QV500000Vm3eTMAR"," ","MQL","2026-02-11","Google Ad","2026-02-11T19:10:45.000+0000"
"00QV5000006N1hnMAC"," ","MQL","2025-08-12","memoryBlue","2026-02-19T18:21:31.000+0000"
"00QV500000DBUxlMAH"," ","MQL","2025-05-30","6sense SI","2026-02-19T18:21:31.000+0000"
"00QV500000JQGPMMA5"," ","MQL","2025-10-30","Webinar","2026-02-19T18:21:31.000+0000"
"00QV500000O5QAYMA3"," ","MQL","2025-10-03","6sense SI","2026-02-19T18:21:31.000+0000"
" ","003V50000067bvgIAA","MQL","2025-07-01","Events","2026-02-19T18:18:56.000+0000"
" ","003V50000067bvzIAA","MQL","2025-08-01"," ","2026-02-19T18:18:56.000+0000"
" ","003V50000067zbCIAQ","MQL","2025-08-01","Linkedin Sales Navigator","2026-02-19T18:18:56.000+0000"
" ","003V500000680FNIAY","MQL","2025-10-01","Zoominfo","2026-02-19T18:18:56.000+0000"
"00QV500000WCgfPMAT"," ","MQL","2026-02-19","Google Ad","2026-02-19T22:44:45.000+0000"
"00QV500000WDCH5MAP"," ","MQL","2026-02-19","Events","2026-02-20T03:00:08.000+0000"
"00QV500000WDLLyMAP"," ","MQL","2026-02-19","Events","2026-02-20T03:19:52.000+0000"
"00QV500000WDLiYMAX"," ","MQL","2026-02-19","Events","2026-02-20T03:11:12.000+0000"
"00QV500000WDMmgMAH"," ","MQL","2026-02-19","Events","2026-02-20T03:14:23.000+0000"
"00QV500000WOrqLMAT"," ","MQL","2026-02-24","Events","2026-02-24T13:44:40.000+0000"
" ","003V50000067bvuIAA","SAL","2026-02-26","Events","2026-02-26T13:06:30.000+0000"
" ","003V50000067bvuIAA","MQL","2026-02-26","Events","2026-02-26T13:04:36.000+0000"
"00QV500000WWPFSMA5"," ","MQL","2026-02-26","memoryBlue","2026-02-26T13:16:36.000+0000"
"00QV500000WWPFSMA5"," ","SAL","2026-02-26","memoryBlue","2026-02-26T13:17:48.000+0000"
"00QV500000Wc9JBMAZ"," ","MQL","2026-02-27","Events","2026-02-27T20:53:20.000+0000"
" ","003V500000674LOIAY","SAL","2026-03-02","memoryBlue","2026-03-02T18:30:00.000+0000"
"00QV500000WhlkQMAR"," ","MQL","2026-03-02","Bing Natural Search","2026-03-02T17:59:55.000+0000"
" ","003V500000674LOIAY","MQL","2026-03-02","memoryBlue","2026-03-02T18:27:19.000+0000"
"00QV500000WiILNMA3"," ","MQL","2026-03-02","memoryBlue","2026-03-02T20:09:00.000+0000"
"00QV500000WiILNMA3"," ","SAL","2026-03-03","memoryBlue","2026-03-03T18:05:11.000+0000"
"00QV500000Wc9JBMAZ"," ","SAL","2026-03-04","Events","2026-03-04T13:15:10.000+0000"
"00QV500000W7FxdMAF"," ","MQL","2026-03-04","6sense SI","2026-03-04T13:13:48.000+0000"
"00QV500000W7FxdMAF"," ","SAL","2026-03-04","6sense SI","2026-03-04T13:13:57.000+0000"
"00QV500000WowPmMAJ"," ","MQL","2026-03-04","Events","2026-03-04T16:10:38.000+0000"
"00QV500000WXTX3MAP"," ","MQL","2026-03-04","Partner","2026-03-04T17:40:47.000+0000"
"00QV500000WtN05MAF"," ","MQL","2026-03-05","memoryBlue","2026-03-05T18:39:39.000+0000"
"00QV500000WtN05MAF"," ","SAL","2026-03-05","memoryBlue","2026-03-05T18:40:37.000+0000"
"00QV500000WwUrLMAV"," ","MQL","2026-03-06","memoryBlue","2026-03-06T14:45:17.000+0000"
"00QV500000WwUrLMAV"," ","SAL","2026-03-06","memoryBlue","2026-03-06T14:45:23.000+0000"
"00QV500000WxV8dMAF"," ","MQL","2026-03-06","LinkedIn Ad","2026-03-06T19:22:10.000+0000"
"00QV500000X2cW8MAJ"," ","SAL","2026-03-10","Google Natural Search","2026-03-10T16:16:40.000+0000"
"00QV500000X2cW8MAJ"," ","MQL","2026-03-10","Google Natural Search","2026-03-10T15:18:38.000+0000"
" ","003V50000067TvyIAE","MQL","2026-03-10","Events","2026-03-10T15:54:37.000+0000"
"00QV500000X9w3OMAR"," ","MQL","2026-03-11","Website","2026-03-11T10:49:36.000+0000"
"00QV5000006N8TiMAK"," ","MQL","2026-03-12","Sales","2026-03-12T12:42:33.000+0000"
"00QV5000006N8TiMAK"," ","SAL","2026-03-12","Sales","2026-03-12T12:43:11.000+0000"
"00QV500000WtN05MAF"," ","MQL","2026-03-12","memoryBlue","2026-03-12T12:44:09.000+0000"
"00QV500000WtN05MAF"," ","SAL","2026-03-12","memoryBlue","2026-03-12T12:45:54.000+0000"
" ","003V500000fMXNVIA4","MQL","2026-03-12","memoryBlue","2026-03-12T12:49:59.000+0000"
" ","003V500000fMXNVIA4","SAL","2026-03-12","memoryBlue","2026-03-12T12:50:32.000+0000"
"00QV500000XEm9pMAD"," ","MQL","2026-03-12","Website","2026-03-12T14:23:47.000+0000"
" ","003V50000067N8sIAE","MQL","2026-03-12","Event","2026-03-12T22:49:21.000+0000"
" ","003V500000fOuCnIAK","MQL","2026-03-12","Events","2026-03-12T22:45:37.000+0000"
" ","003V500000fOlaxIAC","MQL","2026-03-12","Events","2026-03-12T22:45:44.000+0000"
" ","003V500000685JHIAY","MQL","2026-03-12","Events","2026-03-12T22:41:34.000+0000"
" ","003V500000fOgmhIAC","MQL","2026-03-12","Events","2026-03-12T22:45:49.000+0000"
" ","003V500000fP2F7IAK","MQL","2026-03-12","Events","2026-03-12T22:45:55.000+0000"
"00QV500000XGcuMMAT"," ","MQL","2026-03-12","Events","2026-03-12T22:46:55.000+0000"
" ","003V50000067e5bIAA","MQL","2026-03-12","Events","2026-03-12T22:48:07.000+0000"
" ","003V500000683VBIAY","MQL","2026-03-13","Website","2026-03-13T15:30:54.000+0000"
"00QV500000XQsubMAD"," ","MQL","2026-03-16","LinkedIn Ad","2026-03-16T19:47:58.000+0000"
"00QV500000XRMzBMAX"," ","MQL","2026-03-16","Events","2026-03-16T23:57:45.000+0000"
"00QV500000XQsubMAD"," ","MQL","2026-03-17","LinkedIn Ad","2026-03-17T12:25:47.000+0000"
" ","003V50000067e5bIAA","SAL","2026-03-17","Events","2026-03-17T14:23:26.000+0000"
"00QV500000X3YbhMAF"," ","SAL","2026-03-17","Events","2026-03-17T17:13:39.000+0000"
"00QV500000H9c9YMAR"," ","MQL","2026-03-17","Events","2026-03-17T17:13:02.000+0000"
"00QV500000H9c9YMAR"," ","SAL","2026-03-17","Events","2026-03-17T17:13:09.000+0000"
"00QV500000X3YbhMAF"," ","MQL","2026-03-17","Events","2026-03-17T17:13:30.000+0000"
" ","003V500000685JHIAY","SAL","2026-03-17","Events","2026-03-17T17:22:39.000+0000"
"00QV500000BR8RQMA1"," ","MQL","2026-03-18","Events","2026-03-18T17:31:01.000+0000"
"00QV500000XZX7lMAH"," ","MQL","2026-03-19","Events","2026-03-19T00:43:40.000+0000"
"00QV500000Bis4nMAB"," ","MQL","2026-03-19","Events","2026-03-19T14:17:57.000+0000"
"00QV5000006N6JxMAK"," ","MQL","2026-03-19","Events","2026-03-19T19:27:28.000+0000"
"00QV500000XrmgDMAR"," ","MQL","2026-03-24","Google Natural Search","2026-03-24T23:05:08.000+0000"
"00QV5000006N7ejMAC"," ","MQL","2026-03-24","Other - Marketing","2026-03-25T01:32:30.000+0000"
"00QV500000XtJdNMAV"," ","MQL","2026-03-25","Google Ad","2026-03-25T13:05:19.000+0000"
"00QV500000XuGQZMA3"," ","MQL","2026-03-25","Google Natural Search","2026-03-25T16:42:42.000+0000"
"00QV500000XuTacMAF"," ","MQL","2026-03-25","6sense SI","2026-03-25T17:05:26.000+0000"
"00QV500000XuTacMAF"," ","SAL","2026-03-25","6sense SI","2026-03-25T17:20:40.000+0000"
" ","003V50000067PgQIAU","SAL","2026-03-26","memoryBlue","2026-03-26T21:10:47.000+0000"
"00QV500000RcdVuMAJ"," ","MQL","2026-03-30","memoryBlue-UK","2026-03-30T15:38:46.000+0000"
" ","003V50000067I97IAE","MQL","2026-03-30","Marketing Research","2026-03-30T15:36:42.000+0000"